player_display_name,player_name,position,recent_team,season,games,data_source,receiving_yards,receptions,targets,receiving_tds,receiving_epa,target_share,air_yards_share,wopr,catchRate,aDOT,yacPerRec,rushing_yards,carries,rushing_tds,rushing_epa,ypc,passing_yards,attempts,completions,passing_tds,passing_interceptions,passing_epa
Aaron Rodgers,A.Rodgers,QB,PIT,2025,16,reg_2025,-9,1,1,0,-1.5339853016194,0.0019157088122605,-0.0027439024390243,0.0009528315110737,1.0,-9.0,0.0,61,21,1,-2.95120707369991,2.9047619047619047,3322,498,327,24,7,28.3245858144168
Marcedes Lewis,M.Lewis,TE,DEN,2025,1,reg_2025,0,0,0,0,,0.0,0.0,0.0,,,,0,0,0,,,0,0,0,0,0,
Joe Flacco,J.Flacco,QB,CIN,2025,13,reg_2025,0,0,0,0,,0.0,0.0,0.0,,,,35,21,1,5.42383517105931,1.6666666666666667,2479,416,251,15,10,-40.872125217425
Josh Johnson,J.Johnson,QB,WAS,2025,3,reg_2025,0,0,0,0,,0.0,0.0,0.0,,,,55,12,1,-4.79932480363641,4.583333333333333,372,54,34,1,2,3.8190098875594
Matthew Stafford,M.Stafford,QB,LA,2025,17,reg_2025,0,0,0,0,,0.0,0.0,0.0,,,,1,29,0,-31.8353136098303,0.0344827586206896,4707,597,388,46,8,150.454307482114
Andy Dalton,A.Dalton,QB,CAR,2025,4,reg_2025,0,0,0,0,,0.0,0.0,0.0,,,,-2,5,0,-8.65915322024375,-0.4,293,37,25,1,1,-5.66167037785717
Tyrod Taylor,T.Taylor,QB,NYJ,2025,6,reg_2025,0,0,0,0,,0.0,0.0,0.0,,,,143,27,1,5.4132444769544,5.296296296296297,779,134,80,5,5,-13.3149107754829
Russell Wilson,R.Wilson,QB,NYG,2025,6,reg_2025,0,0,0,0,,0.0,0.0,0.0,,,,106,18,0,-1.28636391573001,5.888888888888889,831,119,69,3,3,-15.6662619395907
Kirk Cousins,K.Cousins,QB,ATL,2025,10,reg_2025,0,0,0,0,,0.0,0.0,0.0,,,,7,14,1,-2.49241856209119,0.5,1721,269,166,10,5,-0.930798277762301
Kyle Juszczyk,K.Juszczyk,RB,SF,2025,16,reg_2025,213,24,28,2,7.4226890297723,0.0509090909090909,0.0279329608938548,0.0959167089893347,0.8571428571428571,4.285714285714286,4.541666666666667,-3,2,0,-3.49747540056705,-1.5,0,0,0,0,0,
Adam Thielen,A.Thielen,WR,PIT,2025,14,reg_2025,186,19,35,0,5.17950284502888,0.0747863247863248,0.081447963800905,0.169193061840121,0.5428571428571428,8.742857142857142,2.3157894736842106,0,0,0,,,0,0,0,0,0,
Zach Ertz,Z.Ertz,TE,WAS,2025,13,reg_2025,504,50,72,4,11.7102959396067,0.166666666666667,0.16408204102051,0.364857428714357,0.6944444444444444,9.11111111111111,2.46,0,0,0,,,0,0,0,0,0,
Keenan Allen,K.Allen,WR,LAC,2025,17,reg_2025,777,81,122,4,34.9205234385767,0.224264705882353,0.225912890453146,0.494536082140731,0.6639344262295082,8.418032786885245,2.851851851851852,0,0,0,,,0,0,0,0,0,
Travis Kelce,T.Kelce,TE,KC,2025,17,reg_2025,851,76,108,5,40.4127537694483,0.19672131147541,0.162144275314361,0.408582959933168,0.7037037037037037,6.805555555555555,5.578947368421052,1,1,0,-1.87519072403666,1.0,0,0,0,0,0,
DeAndre Hopkins,D.Hopkins,WR,BAL,2025,17,reg_2025,330,22,39,2,9.4472290776597,0.0958230958230958,0.149912331969608,0.24867327611337,0.5641025641025641,13.153846153846152,2.9545454545454546,0,0,0,,,0,0,0,0,0,
Geno Smith,G.Smith,QB,LV,2025,15,reg_2025,0,0,0,0,,0.0,0.0,0.0,,,,109,41,0,-1.67355429116287,2.658536585365854,3025,448,302,19,17,-72.9214060488586
Brandin Cooks,B.Cooks,WR,BUF,2025,13,reg_2025,279,24,36,0,16.0357377615229,0.063716814159292,0.107791936494673,0.171029576785209,0.6666666666666666,14.333333333333334,1.7916666666666667,0,0,0,,,0,0,0,0,0,
Teddy Bridgewater,T.Bridgewater,QB,TB,2025,3,reg_2025,0,0,0,0,,0.0,0.0,0.0,,,,4,3,0,-0.0188060835935175,1.3333333333333333,62,15,8,0,0,-12.4985269496683
Jimmy Garoppolo,J.Garoppolo,QB,LA,2025,3,reg_2025,0,0,0,0,,0.0,0.0,0.0,,,,-10,9,0,0.0,-1.1111111111111112,0,0,0,0,0,
Davante Adams,D.Adams,WR,LA,2025,14,reg_2025,789,60,114,14,27.0334416795942,0.196213425129088,0.261215629522431,0.477171078359334,0.5263157894736842,12.666666666666666,1.95,0,0,0,,,0,0,0,0,0,
Mike Evans,M.Evans,WR,TB,2025,8,reg_2025,368,30,62,3,5.26632496287482,0.11460258780037,0.182948490230906,0.299967824862189,0.4838709677419355,13.290322580645162,1.2333333333333334,0,0,0,,,0,0,0,0,0,
Chris Manhertz,C.Manhertz,TE,NYG,2025,4,reg_2025,7,1,2,0,-0.380521384242456,0.003976143141153,0.0024591996422982,0.0076856544613383,0.5,5.5,6.0,0,0,0,,,0,0,0,0,0,
Jameis Winston,J.Winston,QB,NYG,2025,3,reg_2025,33,1,1,1,3.22335465252399,0.0019880715705765,0.0029063268499888,0.0050165361508569,1.0,13.0,20.0,23,7,1,4.28813393911696,3.2857142857142856,567,66,37,2,2,15.3917009882326
Stefon Diggs,S.Diggs,WR,NE,2025,17,reg_2025,1013,85,102,4,70.3703738886255,0.211618257261411,0.188855160450997,0.449625998207814,0.8333333333333334,8.53921568627451,4.1647058823529415,0,0,0,,,0,0,0,0,0,
Darren Waller,D.Waller,TE,MIA,2025,9,reg_2025,283,24,34,6,28.2662350166212,0.0735930735930736,0.106781677572873,0.185136784690622,0.7058823529411765,10.558823529411764,3.0416666666666665,4,1,0,0.367445847368799,4.0,0,0,0,0,0,
Raheem Mostert,R.Mostert,RB,LV,2025,12,reg_2025,70,12,12,0,1.46067424991634,0.0242914979757085,-0.0049875311720698,0.0329459751431139,1.0,-1.3333333333333333,7.166666666666667,104,22,0,-9.05524546572605,4.727272727272728,0,0,0,0,0,
DeAndre Carter,D.Carter,WR,CLE,2025,4,reg_2025,0,0,0,0,,0.0,0.0,0.0,,,,0,0,0,,,0,0,0,0,0,
Ameer Abdullah,A.Abdullah,RB,IND,2025,13,reg_2025,99,16,17,0,0.813748622837011,0.0320754716981132,-0.0006849315068493,0.0476337554923753,0.9411764705882352,-0.1764705882352941,6.5625,60,14,1,0.947982284880709,4.285714285714286,0,0,0,0,0,
Tyler Lockett,T.Lockett,WR,LV,2025,17,reg_2025,291,32,55,1,-8.54578603131468,0.10377358490566,0.106128550074738,0.229950362410807,0.5818181818181818,7.745454545454545,2.46875,0,0,0,,,0,0,0,0,0,
Marcus Mariota,M.Mariota,QB,WAS,2025,10,reg_2025,0,0,0,0,,0.0,0.0,0.0,,,,297,50,1,6.69584233178593,5.94,1695,227,139,10,7,-3.89857204396698
Sterling Shepard,S.Shepard,WR,TB,2025,13,reg_2025,371,39,53,1,-2.82666550064835,0.0979667282809612,0.100577264653641,0.217354177678991,0.7358490566037735,8.547169811320755,3.8205128205128207,19,4,0,0.182916748395655,4.75,0,0,0,0,0,
Austin Hooper,A.Hooper,TE,NE,2025,13,reg_2025,263,21,26,2,16.7977924192091,0.053941908713693,0.0507372072853426,0.116428908170279,0.8076923076923077,9.0,4.095238095238095,0,0,0,,,0,0,0,0,0,
Chris Moore,C.Moore,WR,WAS,2025,10,reg_2025,207,11,23,1,12.2828299902677,0.0532407407407407,0.0830415207603802,0.137990175643377,0.4782608695652174,14.434782608695652,4.818181818181818,9,1,0,0.725056131137535,9.0,0,0,0,0,0,
Brandon Allen,B.Allen,QB,TEN,2025,1,reg_2025,0,0,0,0,,0.0,0.0,0.0,,,,0,0,0,,,72,30,17,0,1,-24.0283908552294
Kalif Raymond,K.Raymond,WR,DET,2025,15,reg_2025,289,24,30,1,15.2050830178432,0.0545454545454545,0.0452840300107181,0.113517002825685,0.8,5.633333333333334,6.541666666666667,19,2,0,1.55514653946739,9.5,0,0,0,0,0,
Robbie Chosen,R.Chosen,WR,WAS,2025,3,reg_2025,53,5,9,0,-0.27111587714171,0.0208333333333333,0.0327663831915958,0.0541864682341171,0.5555555555555556,14.555555555555555,1.0,0,0,0,,,0,0,0,0,0,
Derrick Henry,D.Henry,RB,BAL,2025,17,reg_2025,150,15,21,0,-2.87575280852616,0.0515970515970516,0.0035067212156633,0.0798502822465417,0.7142857142857143,0.5714285714285714,9.0,1595,307,16,9.16617427023277,5.195439739413681,0,1,0,0,0,-0.459118590631988
Demarcus Robinson,D.Robinson,WR,SF,2025,14,reg_2025,276,22,35,1,7.57153426303163,0.0636363636363636,0.109869646182495,0.172363297782292,0.6285714285714286,13.485714285714286,1.6363636363636365,6,1,0,0.316402049735189,6.0,0,0,0,0,0,
C.J. Ham,C.Ham,RB,MIN,2025,8,reg_2025,11,2,2,0,0.748685327474959,0.0042735042735042,0.0005323396326856,0.0067828941531363,1.0,1.0,4.5,5,3,2,1.79571006973856,1.6666666666666667,0,0,0,0,0,
Carson Wentz,C.Wentz,QB,MIN,2025,5,reg_2025,0,0,0,0,,0.0,0.0,0.0,,,,57,11,0,-3.24826871609678,5.181818181818182,1216,169,110,6,5,6.30060296515278
Laquon Treadwell,L.Treadwell,WR,IND,2025,6,reg_2025,0,0,0,0,,0.0,0.0,0.0,,,,0,0,0,,,0,0,0,0,0,
Tyreek Hill,T.Hill,WR,MIA,2025,4,reg_2025,265,21,29,1,19.8345950107323,0.0627705627705628,0.118679357525283,0.177231394423542,0.7241379310344828,13.758620689655173,2.7142857142857144,0,0,0,,,0,0,0,0,0,
Dak Prescott,D.Prescott,QB,DAL,2025,17,reg_2025,0,0,0,0,,0.0,0.0,0.0,,,,177,53,2,-9.43114470178952,3.339622641509434,4552,600,404,30,10,114.349433204959
Hunter Henry,H.Henry,TE,NE,2025,17,reg_2025,768,60,87,7,37.6889966467623,0.180497925311203,0.153946227233304,0.378509247030118,0.6896551724137931,8.160919540229886,5.583333333333333,0,0,0,,,0,0,0,0,0,
Jared Goff,J.Goff,QB,DET,2025,17,reg_2025,0,0,0,0,,0.0,0.0,0.0,,,,45,19,0,-14.424143070451,2.3684210526315788,4564,578,393,34,8,106.460151239643
Tyler Higbee,T.Higbee,TE,LA,2025,10,reg_2025,281,25,36,3,9.38524499129964,0.0619621342512909,0.0394356005788712,0.120548121782146,0.6944444444444444,6.055555555555555,5.6,0,0,0,,,0,0,0,0,0,
Jacoby Brissett,J.Brissett,QB,ARI,2025,14,reg_2025,0,0,0,0,,0.0,0.0,0.0,,,,168,38,1,7.46279588393395,4.421052631578948,3366,485,315,23,8,-3.21543134285545
Mo Alie-Cox,M.Alie-Cox,TE,IND,2025,11,reg_2025,117,13,20,1,-0.859269793261774,0.0377358490566038,0.0212328767123288,0.0714667872835358,0.65,4.65,5.923076923076923,0,0,0,,,0,0,0,0,0,
Johnny Mundt,J.Mundt,TE,JAX,2025,12,reg_2025,111,9,19,0,3.97521754272748,0.0347349177330896,0.0204918032786885,0.0664466388947163,0.4736842105263157,5.2631578947368425,8.444444444444445,0,0,0,,,0,0,0,0,0,
Christian McCaffrey,C.McCaffrey,RB,SF,2025,17,reg_2025,924,102,129,7,39.0314516559859,0.234545454545455,0.0779795158286778,0.406403842898256,0.7906976744186046,2.5968992248062017,7.0588235294117645,1202,311,10,-21.050851137873,3.864951768488746,0,1,0,0,0,-0.770897071401123
Curtis Samuel,C.Samuel,WR,BUF,2025,6,reg_2025,81,7,9,1,8.80598493851721,0.0187891440501044,0.0401217487548423,0.0562689402035462,0.7777777777777778,16.11111111111111,3.857142857142857,0,0,0,,,0,0,0,0,0,
George Kittle,G.Kittle,TE,SF,2025,11,reg_2025,628,57,69,7,46.3200631268038,0.125454545454545,0.10707635009311,0.263135263246995,0.8260869565217391,6.666666666666667,4.421052631578948,-3,1,0,-0.98971250851173,-3.0,0,0,0,0,0,
Aaron Jones,A.Jones,RB,MIN,2025,12,reg_2025,199,28,41,1,-7.5507313445025,0.0876068376068376,-0.0066542454085706,0.126752284624257,0.6829268292682927,-0.6097560975609756,8.107142857142858,548,132,2,-2.3747202583086,4.151515151515151,0,0,0,0,0,
Kendrick Bourne,K.Bourne,WR,SF,2025,14,reg_2025,551,37,53,0,20.5468753896609,0.0963636363636364,0.135940409683426,0.239703741323853,0.6981132075471698,11.0188679245283,4.45945945945946,0,0,0,,,0,0,0,0,0,
Nick Mullens,N.Mullens,QB,JAX,2025,4,reg_2025,0,0,0,0,,0.0,0.0,0.0,,,,-8,12,0,-2.45989225647645,-0.6666666666666666,19,3,3,0,0,2.8997661510421
Taysom Hill,T.Hill,TE,NO,2025,13,reg_2025,91,11,16,0,-0.416505563419592,0.0283185840707965,0.0112805514936286,0.0503742621517347,0.6875,3.375,7.818181818181818,114,52,1,-14.218752735961,2.1923076923076925,57,6,2,1,0,-0.999598630666013
Tim Patrick,T.Patrick,WR,JAX,2025,13,reg_2025,187,15,24,3,5.69650346202586,0.0438756855575868,0.0528688524590164,0.102821725057692,0.625,10.75,3.6,0,0,0,,,0,0,0,0,0,
Patrick Ricard,P.Ricard,RB,BAL,2025,5,reg_2025,8,1,2,0,-0.494739742251113,0.0049140049140049,0.0017533606078316,0.0085983597964895,0.5,3.0,2.0,3,1,0,0.510267380392179,3.0,0,0,0,0,0,
Pharaoh Brown,P.Brown,TE,ARI,2025,5,reg_2025,1,2,2,0,-0.885376922233263,0.0032414910858995,0.0002145922746781,0.0050124512211239,1.0,0.5,0.0,0,0,0,,,0,0,0,0,0,
Anthony Firkser,A.Firkser,TE,DET,2025,5,reg_2025,53,8,10,0,1.63562383066164,0.0181818181818182,0.0093783494105037,0.0338375718600799,0.8,3.5,1.5,0,0,0,,,0,0,0,0,0,
Samaje Perine,S.Perine,RB,CIN,2025,15,reg_2025,87,17,21,0,-2.59301438659781,0.0345394736842105,-0.0067983853834714,0.0470503407578858,0.8095238095238095,-1.5238095238095235,6.411764705882353,382,84,3,-0.24908348934861,4.547619047619048,0,0,0,0,0,
James Conner,J.Conner,RB,ARI,2025,3,reg_2025,38,8,9,1,2.2344548034016,0.0145867098865478,-0.001931330472103,0.0205281334993496,0.8888888888888888,-1.0,8.5,95,32,1,-2.77954208484152,2.96875,0,0,0,0,0,
Mack Hollins,M.Hollins,WR,NE,2025,14,reg_2025,550,46,65,2,27.2005918990666,0.134854771784232,0.184518647007806,0.331445210581813,0.7076923076923077,13.092307692307692,2.347826086956522,4,1,0,-0.224169542314485,4.0,0,0,0,0,0,
Jamal Agnew,J.Agnew,WR,ATL,2025,11,reg_2025,0,0,0,0,,0.0,0.0,0.0,,,,0,0,0,,,0,0,0,0,0,
Eric Saubert,E.Saubert,TE,SEA,2025,9,reg_2025,31,4,7,0,2.55034893985918,0.0153846153846154,0.0074369189907038,0.0282827663704158,0.5714285714285714,4.0,4.0,0,0,0,,,0,0,0,0,0,
David Moore,D.Moore,WR,CAR,2025,3,reg_2025,5,1,1,0,-0.3032329112757,0.0020833333333333,0.0014492753623188,0.0041394927536231,1.0,5.0,0.0,12,1,0,1.035383395385,12.0,0,0,0,0,0,
Noah Brown,N.Brown,WR,WAS,2025,4,reg_2025,83,5,10,0,2.28402573490166,0.0231481481481482,0.0362681340670335,0.0601099160691457,0.5,14.5,2.2,0,0,0,,,0,0,0,0,0,
Cooper Rush,C.Rush,QB,BAL,2025,4,reg_2025,0,0,0,0,,0.0,0.0,0.0,,,,-4,4,0,-5.58112201245967,-1.0,303,52,34,0,4,-18.8471721773384
Austin Ekeler,A.Ekeler,RB,WAS,2025,2,reg_2025,38,5,7,0,0.229693296751536,0.0162037037037037,0.0030015007503751,0.0264066060808182,0.7142857142857143,1.7142857142857142,9.8,43,14,0,-1.16534707264509,3.071428571428572,0,0,0,0,0,
Robert Tonyan,R.Tonyan,TE,KC,2025,2,reg_2025,1,1,1,0,-0.518533631926402,0.0018214936247723,0.00022060445621,0.0028866635565054,1.0,1.0,0.0,0,0,0,,,0,0,0,0,0,
Dare Ogunbowale,D.Ogunbowale,RB,HOU,2025,14,reg_2025,76,10,13,0,-9.22710052876438,0.0235081374321881,0.0050367261280167,0.0387879144378939,0.7692307692307693,1.8461538461538465,5.6,25,11,1,-3.66174565446181,2.272727272727273,0,0,0,0,0,
JuJu Smith-Schuster,J.Smith-Schuster,WR,KC,2025,17,reg_2025,345,33,45,1,2.62107560196893,0.0819672131147541,0.0538274873152438,0.160630060792802,0.7333333333333333,5.422222222222223,5.787878787878788,0,0,0,,,0,0,0,0,0,
Jonnu Smith,J.Smith,TE,PIT,2025,17,reg_2025,222,38,54,2,0.541707462964432,0.103448275862069,0.0713414634146341,0.205111438183347,0.7037037037037037,4.333333333333333,4.7105263157894735,70,9,1,3.84702338749776,7.777777777777778,0,0,0,0,0,
Mitchell Trubisky,M.Trubisky,QB,BUF,2025,4,reg_2025,0,0,0,0,,0.0,0.0,0.0,,,,6,9,0,-6.79588433320168,0.6666666666666666,313,35,25,4,0,25.734475121659
Patrick Mahomes,P.Mahomes,QB,KC,2025,14,reg_2025,-10,1,1,0,-2.5388513491489,0.0018214936247723,-0.0017648356496801,0.0014968554823823,1.0,-8.0,-2.0,422,64,5,29.1644939678954,6.59375,3587,502,315,22,11,68.2469407761718
Evan Engram,E.Engram,TE,DEN,2025,16,reg_2025,461,50,76,1,3.49128043235745,0.13013698630137,0.0737522281639929,0.24683203916685,0.6578947368421053,4.355263157894737,6.04,7,1,0,0.254432351794094,7.0,0,0,0,0,0,
David Njoku,D.Njoku,TE,CLE,2025,11,reg_2025,293,33,48,4,-3.61477234348778,0.0919540229885057,0.0668428005284016,0.18472099485264,0.6875,5.270833333333333,4.848484848484849,0,0,0,,,0,0,0,0,0,
Zay Jones,Z.Jones,WR,ARI,2025,6,reg_2025,183,12,18,0,5.60252105724067,0.0291734197730956,0.0517167381974249,0.0799618463978409,0.6666666666666666,13.38888888888889,3.0,0,0,0,,,0,0,0,0,0,
Alvin Kamara,A.Kamara,RB,NO,2025,11,reg_2025,186,33,39,0,-11.6717303288865,0.0690265486725664,0.0068936703572174,0.108365392258902,0.8461538461538461,0.8461538461538461,6.121212121212121,471,131,1,-28.7749726018363,3.595419847328244,0,0,0,0,0,
Cooper Kupp,C.Kupp,WR,SEA,2025,16,reg_2025,593,47,70,2,7.63854969291928,0.153846153846154,0.141301460823373,0.329680253345592,0.6714285714285714,7.6,6.23404255319149,0,0,0,,,0,1,0,0,1,-5.37016646715347
Chris Godwin Jr.,C.Godwin,WR,TB,2025,9,reg_2025,360,33,51,2,14.7000971803238,0.0942698706099815,0.0801509769094139,0.197510489751562,0.6470588235294118,7.078431372549019,6.242424242424242,0,0,0,,,0,0,0,0,0,
Kareem Hunt,K.Hunt,RB,KC,2025,17,reg_2025,143,18,25,1,1.38476970680585,0.0455373406193078,0.0,0.0683060109289617,0.72,0.0,8.5,611,163,8,9.66942339667814,3.748466257668712,0,0,0,0,0,
Josh Reynolds,J.Reynolds,WR,NYJ,2025,5,reg_2025,101,11,21,0,-2.42220817906479,0.0444915254237288,0.0810810810810811,0.12349404489235,0.5238095238095238,13.142857142857142,1.2727272727272727,0,0,0,,,0,0,0,0,0,
Joshua Dobbs,J.Dobbs,QB,NE,2025,4,reg_2025,0,0,0,0,,0.0,0.0,0.0,,,,-5,10,0,-6.63265348016284,-0.5,65,10,7,0,0,-0.0719429492467123
Jeremy McNichols,J.McNichols,RB,WAS,2025,16,reg_2025,196,25,31,0,-1.14555140896548,0.0717592592592593,-0.0057528764382191,0.103611875382136,0.8064516129032258,-0.7419354838709677,8.88,221,44,1,1.44242093524383,5.0227272727272725,0,0,0,0,0,
River Cracraft,R.Cracraft,WR,WAS,2025,2,reg_2025,0,0,0,0,,0.0,0.0,0.0,,,,0,0,0,,,0,0,0,0,0,
Ross Dwelley,R.Dwelley,TE,DET,2025,4,reg_2025,7,2,5,0,-2.56429580663098,0.009090909090909,0.0002679528403001,0.0138239306245737,0.4,0.2,3.5,0,0,0,,,0,0,0,0,0,
Will Dissly,W.Dissly,TE,LAC,2025,8,reg_2025,97,11,16,0,2.80032492040922,0.0294117647058824,0.0158380994280686,0.0552043166584716,0.6875,4.5,6.0,0,0,0,,,0,0,0,0,0,
Tyler Conklin,T.Conklin,TE,LAC,2025,6,reg_2025,101,7,10,0,-3.67963386870474,0.0183823529411765,0.0098988121425428,0.0345026979115447,0.7,4.5,8.142857142857142,2,1,0,0.539093475381378,2.0,0,0,0,0,0,
Marquez Valdes-Scantling,M.Valdes-Scantling,WR,PIT,2025,9,reg_2025,120,14,29,1,-3.04496870971396,0.0527272727272727,0.0824022346368715,0.136772473336719,0.4827586206896552,12.20689655172414,2.0,0,0,0,,,0,0,0,0,0,
Courtland Sutton,C.Sutton,WR,DEN,2025,17,reg_2025,1017,74,124,7,45.5939169711768,0.212328767123288,0.343582887700535,0.559001172075306,0.5967741935483871,12.435483870967742,3.0,0,0,0,,,0,0,0,0,0,-4.03171936139203
Dallas Goedert,D.Goedert,TE,PHI,2025,15,reg_2025,591,60,82,11,36.1227757875291,0.176724137931034,0.130046843631497,0.356118997438599,0.7317073170731707,7.109756097560975,3.9,0,0,0,,,0,0,0,0,0,
Ian Thomas,I.Thomas,TE,LV,2025,9,reg_2025,114,13,13,0,5.07334593776614,0.0263157894736842,0.0130922693266833,0.0486382727392046,1.0,3.230769230769231,5.538461538461538,0,0,0,,,0,0,0,0,0,
Nyheim Hines,N.Miller-Hines,RB,NO,2025,4,reg_2025,0,0,0,0,,0.0,0.0,0.0,,,,-2,2,0,-1.51388250215678,-1.0,0,0,0,0,0,
Dalton Schultz,D.Schultz,TE,HOU,2025,17,reg_2025,777,82,106,3,36.7161405716526,0.191681735985533,0.138300104931794,0.384332677430556,0.7735849056603774,6.216981132075472,4.365853658536586,0,0,0,,,0,0,0,0,0,
Justin Watson,J.Watson,WR,HOU,2025,3,reg_2025,30,3,4,0,1.35150229306779,0.0072332730560578,0.006925498426023,0.015697758482303,0.75,8.25,4.666666666666667,0,0,0,,,0,0,0,0,0,
Ray-Ray McCloud,R.McCloud,WR,NYG,2025,6,reg_2025,69,7,15,0,-9.45197619696143,0.0289017341040462,0.0201438848920863,0.0574533205805298,0.4666666666666667,5.6,6.571428571428571,0,0,0,,,0,0,0,0,0,
Cedrick Wilson Jr.,C.Wilson,WR,MIA,2025,6,reg_2025,44,5,9,0,-2.21431182860397,0.0194805194805195,0.0234979179060083,0.045669321754985,0.5555555555555556,8.777777777777779,5.0,0,0,0,,,0,0,0,0,0,
Braxton Berrios,B.Berrios,WR,HOU,2025,4,reg_2025,37,6,8,0,2.35964007501025,0.0144665461121157,0.0050367261280167,0.0252255274577854,0.75,3.0,3.0,0,0,0,,,0,0,0,0,0,
Trent Sherfield,T.Sherfield,WR,ARI,2025,4,reg_2025,21,3,5,0,-0.854674596164841,0.0085616438356164,0.0100267379679144,0.0198611823309648,0.6,9.0,4.666666666666667,0,0,0,,,0,0,0,0,0,
Allen Lazard,A.Lazard,WR,NYJ,2025,9,reg_2025,70,10,18,1,-9.65738818456884,0.038135593220339,0.0417156286721504,0.0864043299010138,0.5555555555555556,7.888888888888889,3.3,0,0,0,,,0,0,0,0,0,
Kyle Allen,K.Allen,QB,DET,2025,2,reg_2025,0,0,0,0,,0.0,0.0,0.0,,,,-3,3,0,0.0,-1.0,0,2,0,0,0,-1.35526536774439
Tanner Hudson,T.Hudson,TE,CIN,2025,10,reg_2025,168,19,24,2,0.566147700697513,0.0394736842105263,0.0252814956447844,0.0769075732671385,0.7916666666666666,4.958333333333333,4.368421052631579,0,0,0,,,0,0,0,0,0,
Chase Edmonds,C.Edmonds,RB,WAS,2025,3,reg_2025,0,0,0,0,,0.0,0.0,0.0,,,,0,0,0,,,0,0,0,0,0,
Mark Andrews,M.Andrews,TE,BAL,2025,17,reg_2025,422,48,70,5,1.5476467463453,0.171990171990172,0.148451198129749,0.361901096676082,0.6857142857142857,7.257142857142857,2.1041666666666665,48,10,1,6.52073954662774,4.8,0,0,0,0,0,
Mason Rudolph,M.Rudolph,QB,PIT,2025,5,reg_2025,0,0,0,0,,0.0,0.0,0.0,,,,6,7,0,1.34117260714993,0.8571428571428571,310,52,38,2,2,2.50336368704777
Christian Kirk,C.Kirk,WR,HOU,2025,11,reg_2025,239,28,52,1,-21.1679273483629,0.0940325497287523,0.0766002098635887,0.19466897149764,0.5384615384615384,7.019230769230769,4.107142857142857,0,0,0,,,0,0,0,0,0,
Nick Chubb,N.Chubb,RB,HOU,2025,15,reg_2025,67,13,20,0,-2.43186531262472,0.0361663652802893,0.0031479538300104,0.0564531156014414,0.65,0.75,4.846153846153846,506,122,3,-13.6106800257833,4.147540983606557,0,0,0,0,0,
Lamar Jackson,L.Jackson,QB,BAL,2025,13,reg_2025,0,0,0,0,,0.0,0.0,0.0,,,,349,67,2,20.6087183911207,5.208955223880597,2549,302,192,21,7,18.1570221709542
Durham Smythe,D.Smythe,TE,CHI,2025,7,reg_2025,25,4,6,0,-0.253803549101576,0.0112781954887218,0.0048543689320388,0.0203153514855099,0.6666666666666666,4.0,3.75,0,0,0,,,0,0,0,0,0,
DJ Moore,D.Moore,WR,CHI,2025,17,reg_2025,682,50,85,6,13.6231974924865,0.159774436090226,0.199838187702265,0.379548385526924,0.5882352941176471,11.623529411764704,4.44,79,15,1,4.17283228132874,5.266666666666667,2,1,1,1,0,3.86819368979195
Mike Gesicki,M.Gesicki,TE,CIN,2025,12,reg_2025,307,28,42,2,4.38470020618127,0.0690789473684211,0.0888039090715955,0.165781157402748,0.6666666666666666,9.952380952380953,2.25,0,0,0,,,0,0,0,0,0,
Calvin Ridley,C.Ridley,WR,TEN,2025,7,reg_2025,303,17,36,0,12.2212250318653,0.0679245283018868,0.112855007473842,0.180885297684519,0.4722222222222222,12.583333333333334,4.941176470588236,0,0,0,,,0,0,0,0,0,
Saquon Barkley,S.Barkley,RB,PHI,2025,16,reg_2025,273,37,50,2,-4.97130264547002,0.107758620689655,0.0069150122685701,0.166478439622482,0.74,0.62,8.0,1140,280,7,-24.0965797156755,4.071428571428571,0,0,0,0,0,
KhaDarel Hodge,K.Hodge,WR,ATL,2025,8,reg_2025,31,3,10,0,-2.79216202942175,0.0192678227360308,0.0359712230215827,0.0540815902191542,0.3,15.0,3.0,0,0,0,,,0,0,0,0,0,
Baker Mayfield,B.Mayfield,QB,TB,2025,17,reg_2025,0,0,0,0,,0.0,0.0,0.0,,,,382,55,1,35.7214688725108,6.945454545454545,3693,543,343,26,11,0.677550827275322
Josh Allen,J.Allen,QB,BUF,2025,16,reg_2025,0,0,0,0,,0.0,0.0,0.0,,,,579,112,14,38.7725682293971,5.169642857142857,3668,460,319,25,10,71.3263364575351
Dante Pettis,D.Pettis,WR,NO,2025,8,reg_2025,127,9,11,0,-4.03264835797008,0.0194690265486726,0.0219344056820556,0.0445576238004477,0.8181818181818182,9.545454545454543,9.555555555555555,0,0,0,,,0,0,0,0,0,
Malik Turner,M.Turner,WR,SF,2025,2,reg_2025,0,0,1,0,-0.565274677006528,0.0018181818181818,-0.0011638733705772,0.0019125613678686,0.0,-5.0,,0,0,0,,,0,0,0,0,0,
Sam Darnold,S.Darnold,QB,SEA,2025,17,reg_2025,0,0,0,0,,0.0,0.0,0.0,,,,95,35,0,-12.9723850409396,2.7142857142857144,4048,477,323,25,14,74.5774671271899
Steven Sims,S.Sims,WR,ARI,2025,3,reg_2025,0,0,1,0,-0.555991165339947,0.0016207455429497,0.0004291845493562,0.0027315474989739,0.0,2.0,,0,0,0,,,0,0,0,0,0,
Brett Rypien,B.Rypien,QB,CIN,2025,1,reg_2025,0,0,0,0,,0.0,0.0,0.0,,,,0,0,0,,,0,0,0,0,0,-1.23787799407728
Andrew Beck,A.Beck,RB,NYJ,2025,11,reg_2025,45,6,9,2,-0.224918478255859,0.0190677966101695,0.0111633372502938,0.0364160309904599,0.6666666666666666,4.222222222222222,3.333333333333333,5,1,0,1.30118140601553,5.0,0,0,0,0,0,
Jakobi Meyers,J.Meyers,WR,JAX,2025,16,reg_2025,835,75,110,3,10.0140716943864,0.222672064777328,0.314214463840399,0.553958221854271,0.6818181818181818,9.163636363636364,3.76,13,5,0,-0.407055840740213,2.6,0,0,0,0,0,
Justice Hill,J.Hill,RB,BAL,2025,10,reg_2025,169,21,27,1,0.421497160219587,0.0663390663390663,-0.0017533606078316,0.0982812470831173,0.7777777777777778,-0.2222222222222222,8.761904761904763,93,18,2,-1.25431579141878,5.166666666666667,0,0,0,0,0,
Foster Moreau,F.Moreau,TE,NO,2025,7,reg_2025,59,7,10,0,-3.73570500547066,0.0176991150442478,0.0020889910173386,0.0280109662785087,0.7,1.0,6.285714285714286,0,0,0,,,0,0,0,0,0,
Hunter Renfrow,H.Renfrow,WR,CAR,2025,6,reg_2025,89,15,26,2,-2.0028398223079,0.0541666666666667,0.056231884057971,0.12061231884058,0.5769230769230769,7.461538461538462,1.6,0,0,0,,,0,0,0,0,0,
Ashton Dulin,A.Dulin,WR,IND,2025,12,reg_2025,106,5,10,0,5.75945951923495,0.0188679245283019,0.0360730593607306,0.0535530283449643,0.5,15.8,10.6,44,3,0,3.91056751448195,14.666666666666666,0,0,0,0,0,
Jake Browning,J.Browning,QB,CIN,2025,5,reg_2025,0,0,0,0,,0.0,0.0,0.0,,,,39,9,1,6.78605965879979,4.333333333333333,771,125,81,6,8,-38.3870388511597
Alec Ingold,A.Ingold,RB,MIA,2025,9,reg_2025,52,8,11,0,-0.371638975571841,0.0238095238095238,0.0121951219512195,0.0442508710801394,0.7272727272727273,3.727272727272727,5.625,9,2,0,0.450871285866015,4.5,0,0,0,0,0,
Mecole Hardman,M.Hardman,WR,BUF,2025,2,reg_2025,0,0,1,0,-0.508363496046513,0.0020876826722338,0.0127282789153293,0.0120413192490812,0.0,46.0,,0,0,0,,,0,0,0,0,0,
Olamide Zaccheaus,O.Zaccheaus,WR,CHI,2025,14,reg_2025,313,39,65,2,-3.79579269205277,0.12218045112782,0.0934466019417476,0.248683298050953,0.6,7.107692307692307,3.5384615384615383,25,4,0,0.634096668625716,6.25,0,0,0,0,0,
Kyler Murray,K.Murray,QB,ARI,2025,5,reg_2025,0,0,0,0,,0.0,0.0,0.0,,,,173,29,1,4.08874777617166,5.965517241379311,962,161,110,6,3,5.72059112573841
T.J. Hockenson,T.Hockenson,TE,MIN,2025,15,reg_2025,438,51,66,3,14.0954654578706,0.141025641025641,0.08756986957679,0.272837370242215,0.7727272727272727,4.984848484848484,4.294117647058823,0,1,0,-1.10678490594728,0.0,0,0,0,0,0,
Miles Sanders,M.Sanders,RB,DAL,2025,4,reg_2025,30,8,8,0,-1.51486926998357,0.0131795716639209,-0.0027618859735648,0.017836037314386,1.0,-1.75,5.5,117,20,1,-1.88739822729258,5.85,0,0,0,0,0,
Josh Oliver,J.Oliver,TE,MIN,2025,12,reg_2025,160,15,19,4,10.533449101713,0.0405982905982906,0.0170348682459409,0.0728218436695945,0.7894736842105263,3.3684210526315788,6.8,0,0,0,,,0,0,0,0,0,
Devin Singletary,D.Singletary,RB,NYG,2025,17,reg_2025,151,18,19,0,2.26296624395621,0.0377733598409543,-0.0026827632461435,0.0547821054891309,0.9473684210526316,-0.631578947368421,9.0,437,119,5,-2.7659456358524,3.672268907563025,0,0,0,0,0,1.053
Tony Pollard,T.Pollard,RB,TEN,2025,17,reg_2025,206,33,41,0,-11.8271716792167,0.0773584905660377,0.0029895366218236,0.118130411484333,0.8048780487804879,0.2926829268292683,6.151515151515151,1082,242,5,-21.6942865704633,4.471074380165289,0,0,0,0,0,
Jarrett Stidham,J.Stidham,QB,DEN,2025,1,reg_2025,0,0,0,0,,0.0,0.0,0.0,,,,-1,1,0,0.0,-1.0,0,0,0,0,0,
Gardner Minshew,G.Minshew,QB,KC,2025,4,reg_2025,0,0,0,0,,0.0,0.0,0.0,,,,2,6,0,-0.570991942193359,0.3333333333333333,37,13,6,0,1,-6.41468302690191
Trayveon Williams,T.Williams,RB,CLE,2025,6,reg_2025,55,8,9,0,-3.23557225635256,0.0165441176470588,-0.007479102507699,0.0195808047151989,0.8888888888888888,-3.7777777777777777,10.375,36,10,0,1.5745609656733,3.6,0,0,0,0,0,
Scott Miller,S.Miller,WR,PIT,2025,5,reg_2025,62,9,14,0,-1.10749474304836,0.0268199233716475,0.0225609756097561,0.0560225679843005,0.6428571428571429,5.285714285714286,3.4444444444444446,0,0,0,,,0,0,0,0,0,
Myles Gaskin,M.Gaskin,RB,SEA,2025,1,reg_2025,0,0,0,0,,0.0,0.0,0.0,,,,6,3,0,-1.54209045757307,2.0,0,0,0,0,0,
David Sills,D.Sills,WR,ATL,2025,12,reg_2025,191,18,36,2,-1.78003130015708,0.069364161849711,0.0968824940047962,0.171863988577924,0.5,11.22222222222222,3.111111111111111,0,0,0,,,0,0,0,0,0,
Lil'Jordan Humphrey,L.Humphrey,WR,DEN,2025,7,reg_2025,156,13,25,1,7.93566161771338,0.0497017892644135,0.0619271182651464,0.117901666682223,0.52,11.08,2.230769230769231,0,0,0,,,0,0,0,0,0,
Greg Dortch,G.Dortch,WR,ARI,2025,12,reg_2025,206,29,33,3,4.25108110963356,0.053484602917342,0.0124463519313305,0.0889393507279443,0.8787878787878788,1.7575757575757576,6.689655172413793,15,7,1,-1.38891286411672,2.142857142857143,0,0,0,0,0,
Darius Slayton,D.Slayton,WR,NYG,2025,14,reg_2025,538,37,63,1,18.0014051749713,0.125248508946322,0.188464118041583,0.319797646048591,0.5873015873015873,13.38095238095238,5.351351351351352,0,0,0,,,0,0,0,0,0,
Ty Johnson,Ty.Johnson,RB,BUF,2025,17,reg_2025,263,24,33,2,11.4494839878753,0.0688935281837161,-0.0107913669064748,0.0957863354410418,0.7272727272727273,-1.181818181818182,12.541666666666666,200,50,3,2.76324966031825,4.0,0,0,0,0,0,
Tom Kennedy,T.Kennedy,WR,DET,2025,6,reg_2025,36,4,4,0,4.50274259829894,0.0072727272727272,0.0085744908896034,0.0169112345318133,1.0,8.0,1.0,0,0,0,,,0,0,0,0,0,
Craig Reynolds,C.Reynolds,RB,DET,2025,5,reg_2025,0,0,0,0,,0.0,0.0,0.0,,,,4,3,0,-2.35838936804794,1.3333333333333333,0,0,0,0,0,
Travis Homer,T.Homer,RB,CHI,2025,8,reg_2025,0,0,0,0,,0.0,0.0,0.0,,,,-2,1,0,-1.36613327254169,-2.0,0,0,0,0,0,
Alex Bachman,A.Bachman,WR,LV,2025,11,reg_2025,12,2,3,0,1.06502898357576,0.0060728744939271,0.0043640897755611,0.0121641745837835,0.6666666666666666,4.666666666666667,1.0,0,0,0,,,0,0,0,0,0,
D'Ernest Johnson,D.Johnson,RB,NE,2025,5,reg_2025,0,0,0,0,,0.0,0.0,0.0,,,,25,14,0,-5.49805589544121,1.7857142857142858,0,0,0,0,0,
Drew Sample,D.Sample,TE,CIN,2025,12,reg_2025,106,15,20,1,2.65180705697276,0.0328947368421053,-0.0014871468026343,0.0483011025013138,0.75,-0.35,7.266666666666667,3,1,0,-0.583710714941844,3.0,0,0,0,0,0,
Parris Campbell,P.Campbell,WR,DAL,2025,1,reg_2025,0,0,0,0,,0.0,0.0,0.0,,,,0,0,0,,,0,0,0,0,0,
DK Metcalf,D.Metcalf,WR,PIT,2025,15,reg_2025,850,59,99,6,32.9258393135282,0.189655172413793,0.318292682926829,0.50728763666947,0.5959595959595959,10.545454545454543,7.016949152542373,12,2,1,1.6868094765814,6.0,0,0,0,0,0,
Noah Fant,N.Fant,TE,CIN,2025,13,reg_2025,288,34,41,3,-11.7837950243007,0.0674342105263158,0.029105587422987,0.121525226985565,0.8292682926829268,3.341463414634146,5.117647058823529,0,0,0,,,0,0,0,0,0,
Gunner Olszewski,G.Olszewski,WR,NYG,2025,16,reg_2025,145,10,13,1,10.6098904803121,0.025844930417495,0.0290632684998882,0.0591116835761643,0.7692307692307693,10.0,7.4,0,0,0,,,33,2,1,1,0,2.42797924298793
Terry McLaurin,T.McLaurin,WR,WAS,2025,10,reg_2025,582,38,60,3,31.7498265405018,0.138888888888889,0.209854927463732,0.355231782557946,0.6333333333333333,13.983333333333333,2.4473684210526314,0,0,0,,,0,0,0,0,0,
Marquise Brown,M.Brown,WR,KC,2025,16,reg_2025,587,49,74,5,22.3473033439257,0.134790528233151,0.184425325391573,0.331283520123828,0.6621621621621622,11.297297297297296,3.877551020408163,0,0,0,,,0,0,0,0,0,
A.J. Brown,A.Brown,WR,PHI,2025,15,reg_2025,1003,78,121,7,33.6834727837697,0.260775862068966,0.317867499442338,0.613671042713085,0.6446280991735537,11.776859504132233,3.435897435897436,0,0,0,,,0,0,0,0,0,
David Montgomery,D.Montgomery,RB,DET,2025,17,reg_2025,192,24,29,0,3.12993177498293,0.0527272727272727,0.0032154340836012,0.08134171294943,0.8275862068965517,0.4137931034482758,8.291666666666666,716,158,8,0.471996797350701,4.531645569620253,3,2,1,1,0,-1.74486921925563
Dawson Knox,D.Knox,TE,BUF,2025,16,reg_2025,417,36,49,4,17.4796811189009,0.102296450939457,0.0910348644161594,0.217169081500497,0.7346938775510204,6.714285714285714,5.083333333333333,0,0,0,,,0,0,0,0,0,
Josh Jacobs,J.Jacobs,RB,GB,2025,15,reg_2025,282,36,44,1,11.8480351399896,0.0956521739130435,-0.0091057669857576,0.137104223979535,0.8181818181818182,-0.8863636363636364,8.444444444444445,929,234,13,-14.8359953293267,3.97008547008547,0,0,0,0,0,
Drew Lock,D.Lock,QB,SEA,2025,3,reg_2025,0,0,0,0,,0.0,0.0,0.0,,,,-5,6,0,-0.96694847010076,-0.8333333333333334,15,3,2,0,0,-0.892722808755934
Daniel Jones,D.Jones,QB,IND,2025,13,reg_2025,0,0,0,0,,0.0,0.0,0.0,,,,164,45,5,16.1764076690454,3.644444444444445,3101,384,261,19,8,65.2555149975867
Deebo Samuel Sr.,D.Samuel,WR,WAS,2025,16,reg_2025,727,72,99,5,17.6210900149823,0.229166666666667,0.131815907953977,0.436021135567784,0.7272727272727273,5.323232323232324,6.472222222222222,75,17,1,0.142600561899599,4.411764705882353,0,0,0,0,0,
Jakob Johnson,J.Johnson,RB,HOU,2025,2,reg_2025,0,0,0,0,,0.0,0.0,0.0,,,,0,0,0,,,0,0,0,0,0,
Andre Baccellia,A.Baccellia,WR,ARI,2025,4,reg_2025,8,2,4,0,-1.80982466624118,0.006482982171799,0.0015021459227467,0.0107759754036213,0.5,1.75,3.5,0,0,0,,,0,0,0,0,0,
Cody White,C.White,WR,SEA,2025,8,reg_2025,90,3,4,1,4.84231995837763,0.0087912087912087,0.0103585657370518,0.0204378092027494,0.75,9.75,19.33333333333333,0,0,0,,,0,0,0,0,0,
Giovanni Ricci,G.Ricci,TE,DET,2025,2,reg_2025,0,0,1,0,-0.901857088902034,0.0018181818181818,0.0008038585209003,0.0032899736919029,0.0,3.0,,0,0,0,,,0,0,0,0,0,
Tyler Huntley,T.Huntley,QB,BAL,2025,5,reg_2025,0,0,0,0,,0.0,0.0,0.0,,,,151,24,0,10.8476245284546,6.291666666666667,426,67,52,2,0,5.65948320099755
Juwan Johnson,J.Johnson,TE,NO,2025,17,reg_2025,889,77,102,3,35.2164211992737,0.180530973451327,0.161479005640276,0.383831764125184,0.7549019607843137,7.578431372549019,4.701298701298701,0,0,0,,,0,0,0,0,0,
James Proche,J.Proche,WR,TEN,2025,6,reg_2025,65,6,12,0,1.67692035489017,0.0226415094339623,0.0435974090682611,0.0644804504987262,0.5,14.583333333333334,0.3333333333333333,0,0,0,,,0,0,0,0,0,
Rico Dowdle,R.Dowdle,RB,CAR,2025,17,reg_2025,297,39,50,1,-0.90271915770648,0.104166666666667,-0.0150724637681159,0.145699275362319,0.78,-1.04,8.974358974358974,1076,236,6,-2.30566257253139,4.559322033898305,0,0,0,0,0,
J.K. Dobbins,J.Dobbins,RB,DEN,2025,10,reg_2025,37,11,14,0,-4.98571128264302,0.023972602739726,-0.0066844919786096,0.0312797597245623,0.7857142857142857,-2.142857142857143,5.090909090909091,772,153,4,4.18423681790591,5.045751633986928,0,0,0,0,0,
Isaiah Hodgins,I.Hodgins,WR,NYG,2025,6,reg_2025,115,10,19,1,5.51442927891165,0.0377733598409543,0.0462776659959759,0.0890544059586145,0.5263157894736842,10.894736842105264,1.7,0,0,0,,,0,0,0,0,0,
Mason Kinsey,M.Kinsey,WR,TEN,2025,6,reg_2025,48,2,4,0,3.39846461085835,0.0075471698113207,0.0229197807673144,0.0273646012541012,0.5,23.0,1.5,0,0,0,,,0,0,0,0,0,
Nick Westbrook-Ikhine,N.Westbrook-Ikhine,WR,MIA,2025,13,reg_2025,89,11,20,0,1.16213954053819,0.0432900432900433,0.0327186198691255,0.0878380988434528,0.55,5.5,2.5454545454545454,0,0,0,,,0,0,0,0,0,
Reggie Gilliam,R.Gilliam,RB,BUF,2025,11,reg_2025,24,2,2,0,-0.0846171969459392,0.0041753653444676,0.006087437742114,0.0105242544361813,1.0,11.0,1.0,4,2,0,-0.26065855185152,2.0,0,0,0,0,0,
Gabe Davis,G.Davis,WR,BUF,2025,6,reg_2025,129,12,18,1,10.331152991741,0.0375782881002088,0.0439955727725512,0.087164333091099,0.6666666666666666,8.833333333333334,2.5,0,0,0,,,0,0,0,0,0,
Tua Tagovailoa,T.Tagovailoa,QB,MIA,2025,14,reg_2025,0,0,0,0,,0.0,0.0,0.0,,,,43,20,0,-7.46998686280804,2.15,2660,384,260,20,15,14.3950634196548
Jonathan Taylor,J.Taylor,RB,IND,2025,17,reg_2025,378,46,55,2,9.23404607143323,0.10377358490566,-0.0102739726027397,0.148468596536573,0.8363636363636363,-0.8181818181818182,9.434782608695652,1585,323,18,18.7716348098468,4.907120743034056,0,0,0,0,0,
Harrison Bryant,H.Bryant,TE,HOU,2025,5,reg_2025,7,2,6,0,-3.33586585626472,0.0108499095840868,0.0121720881427072,0.0247953260760253,0.3333333333333333,9.666666666666666,0.0,0,0,0,,,0,0,0,0,0,
Colby Parkinson,C.Parkinson,TE,LA,2025,14,reg_2025,408,43,56,8,12.5571114241143,0.0963855421686747,0.044862518089725,0.17598207591582,0.7678571428571429,4.428571428571429,6.3023255813953485,0,0,0,,,0,0,0,0,0,
Michael Pittman,M.Pittman,WR,IND,2025,17,reg_2025,784,80,111,7,22.3186676894123,0.209433962264151,0.207077625570776,0.45910528129577,0.7207207207207207,8.17117117117117,3.2375,0,0,0,,,0,0,0,0,0,
Jauan Jennings,J.Jennings,WR,SF,2025,15,reg_2025,643,55,90,9,-2.27119514576198,0.163636363636364,0.210661080074488,0.392917301506687,0.6111111111111112,10.055555555555555,3.290909090909091,0,0,0,,,0,0,0,0,0,
Jordan Love,J.Love,QB,GB,2025,15,reg_2025,0,0,0,0,,0.0,0.0,0.0,,,,199,47,0,12.3389958464351,4.23404255319149,3381,439,291,23,6,110.611287832903
AJ Dillon,A.Dillon,RB,PHI,2025,6,reg_2025,21,3,3,0,-4.18426678620745,0.0064655172413793,0.0026767789426723,0.0115720211219396,1.0,4.0,3.0,60,12,0,-0.172493671649136,5.0,0,0,0,0,0,
D'Andre Swift,D.Swift,RB,CHI,2025,16,reg_2025,299,34,48,1,-1.56785017754861,0.0902255639097744,-0.0050566343042071,0.131798701851717,0.7083333333333334,-0.5208333333333334,10.5,1087,223,9,15.4491434813192,4.874439461883408,0,0,0,0,0,
Cole Kmet,C.Kmet,TE,CHI,2025,16,reg_2025,347,30,48,2,13.3915385745205,0.0902255639097744,0.0851537216828479,0.194945951042655,0.625,8.770833333333334,4.966666666666667,0,0,0,,,0,1,0,0,0,-0.492736021056771
Darnell Mooney,D.Mooney,WR,ATL,2025,15,reg_2025,443,32,72,1,3.6679175114696,0.138728323699422,0.244364508393285,0.379147641424433,0.4444444444444444,14.15277777777778,2.28125,0,0,0,,,0,0,0,0,0,
Justin Jefferson,J.Jefferson,WR,MIN,2025,17,reg_2025,1048,84,141,2,-13.8286822360037,0.301282051282051,0.382752195900985,0.719849614053766,0.5957446808510638,10.198581560283689,5.369047619047619,7,2,0,-0.0567193317692727,3.5,0,0,0,0,0,
Antonio Gibson,A.Gibson,RB,NE,2025,5,reg_2025,6,2,3,0,-1.23502325057052,0.0062240663900414,-0.0013009540329575,0.0084254317619919,0.6666666666666666,-2.0,8.0,106,25,1,-4.7015184177435,4.24,0,0,0,0,0,
Devin Duvernay,D.Duvernay,WR,CHI,2025,17,reg_2025,26,2,5,0,-0.308780201714761,0.0093984962406015,0.0151699029126214,0.0247166763997372,0.4,15.0,0.0,0,0,0,,,0,0,0,0,0,
Josiah Deguara,J.Deguara,TE,ARI,2025,7,reg_2025,21,3,5,1,1.40122630295809,0.0081037277147487,0.0049356223175965,0.0156105271944408,0.6,4.6,1.6666666666666667,0,0,0,,,0,0,0,0,0,
Justin Herbert,J.Herbert,QB,LAC,2025,16,reg_2025,0,0,0,0,,0.0,0.0,0.0,,,,498,83,2,15.8963105870139,6.0,3727,512,340,26,13,16.1146135014785
CeeDee Lamb,C.Lamb,WR,DAL,2025,13,reg_2025,1077,75,117,3,28.9908193846128,0.192751235584844,0.276780430065102,0.482873154422836,0.6410256410256411,11.991452991452991,4.306666666666667,2,1,0,-0.247850599349476,2.0,0,0,0,0,0,
Clyde Edwards-Helaire,C.Edwards-Helaire,RB,KC,2025,2,reg_2025,9,2,2,0,1.55748011422111,0.0036429872495446,-0.00088241782484,0.0048467883969289,1.0,-2.0,6.5,13,7,0,-2.66038654389558,1.8571428571428568,0,0,0,0,0,
Jalen Hurts,J.Hurts,QB,PHI,2025,16,reg_2025,0,0,0,0,,0.0,0.0,0.0,,,,421,105,8,16.6811417014105,4.0095238095238095,3224,454,294,25,6,34.3144432765787
Jerry Jeudy,J.Jeudy,WR,CLE,2025,17,reg_2025,602,50,106,2,-32.3054534980226,0.203065134099617,0.340290620871863,0.542801135759729,0.4716981132075472,12.150943396226417,3.32,5,1,0,2.73338731657714,5.0,0,0,0,0,0,
Tee Higgins,T.Higgins,WR,CIN,2025,15,reg_2025,846,59,98,11,35.986866589898,0.161184210526316,0.279158699808795,0.43718740565563,0.6020408163265306,13.408163265306122,2.8135593220338984,0,0,0,,,0,0,0,0,0,
Cam Akers,C.Akers,RB,SEA,2025,4,reg_2025,0,0,1,0,-1.43015986331739,0.0021367521367521,-0.0015970188980569,0.0020872149764883,0.0,-6.0,,19,5,0,-0.914700864057522,3.8,32,1,1,1,0,3.26001056085806
Van Jefferson,V.Jefferson,WR,TEN,2025,14,reg_2025,350,29,52,1,8.93844654121782,0.0981132075471698,0.155206776283009,0.255814554718861,0.5576923076923077,11.98076923076923,2.862068965517241,0,0,0,,,0,0,0,0,0,
Adam Trautman,A.Trautman,TE,DEN,2025,13,reg_2025,195,20,23,1,10.7914902587654,0.0393835616438356,0.0236185383244207,0.0756083192928479,0.8695652173913043,4.608695652173913,5.2,0,0,0,,,0,0,0,0,0,
Albert Okwuegbunam,A.Okwuegbunam,TE,LV,2025,1,reg_2025,36,5,6,0,1.61650970258052,0.0121457489878543,0.0056109725685785,0.0221463042797864,0.8333333333333334,3.0,6.8,0,0,0,,,0,0,0,0,0,
DeeJay Dallas,D.Dallas,RB,JAX,2025,5,reg_2025,0,0,1,0,-0.549304613261484,0.0020833333333333,-0.0002898550724637,0.0029221014492753,0.0,-1.0,,21,3,0,-0.557414979932224,7.0,0,0,0,0,0,
Tyler Johnson,T.Johnson,WR,NYJ,2025,9,reg_2025,197,12,18,1,10.5790775002299,0.038135593220339,0.0616921269095182,0.100387878667171,0.6666666666666666,11.666666666666666,5.333333333333333,0,0,0,,,0,0,0,0,0,
Charlie Woerner,C.Woerner,TE,ATL,2025,7,reg_2025,48,8,9,0,-0.202205947774928,0.0173410404624277,0.0028776978417266,0.0280259491828503,0.8888888888888888,1.3333333333333333,4.375,0,0,0,,,0,0,0,0,0,
Joe Burrow,J.Burrow,QB,CIN,2025,8,reg_2025,0,0,0,0,,0.0,0.0,0.0,,,,41,14,0,3.56519397423835,2.9285714285714284,1809,259,173,17,5,36.6070933425231
Chris Blair,C.Blair,WR,ATL,2025,1,reg_2025,0,0,0,0,,0.0,0.0,0.0,,,,0,0,0,,,0,0,0,0,0,
Tim Jones,T.Jones,WR,JAX,2025,2,reg_2025,15,1,1,0,1.07519215316279,0.0018281535648994,0.0008196721311475,0.0033160008391524,1.0,4.0,11.0,0,0,0,,,0,0,0,0,0,
DJ Turner,D.Turner,WR,LV,2025,1,reg_2025,0,0,0,0,,0.0,0.0,0.0,,,,0,0,0,,,0,0,0,0,0,
Shane Zylstra,S.Zylstra,TE,DET,2025,1,reg_2025,20,3,5,0,-1.83611708204262,0.009090909090909,0.0099142550911039,0.0205763422001364,0.6,7.4,0.6666666666666666,0,0,0,,,0,0,0,0,0,
Rashod Bateman,R.Bateman,WR,BAL,2025,13,reg_2025,224,19,38,2,-1.67575973441765,0.0933660933660934,0.136762127410871,0.23578262923675,0.5,12.31578947368421,2.0526315789473686,0,0,0,,,0,0,0,0,0,
Nico Collins,N.Collins,WR,HOU,2025,15,reg_2025,1117,71,120,6,39.3101993226418,0.216998191681736,0.320881427072403,0.550114286473286,0.5916666666666667,12.741666666666667,4.563380281690141,15,2,1,1.9955103607499,7.5,0,0,0,0,0,
Chuba Hubbard,C.Hubbard,RB,CAR,2025,15,reg_2025,223,30,39,3,4.57995467503808,0.08125,-0.0115942028985507,0.113759057971015,0.7692307692307693,-1.0256410256410255,9.7,511,134,1,-15.6743709249376,3.8134328358208953,0,0,0,0,0,
Elijah Mitchell,E.Mitchell,RB,KC,2025,1,reg_2025,0,0,1,0,-3.36506548570469,0.0018214936247723,0.0035296712993602,0.0052030103467106,0.0,16.0,,0,0,0,,,0,0,0,0,0,
Gary Brightwell,G.Brightwell,RB,CIN,2025,2,reg_2025,0,0,0,0,,0.0,0.0,0.0,,,,0,0,0,,,0,0,0,0,0,
Quintin Morris,Q.Morris,TE,JAX,2025,11,reg_2025,55,6,9,1,-0.618214031303069,0.0164533820840951,0.0092213114754098,0.0311349911589295,0.6666666666666666,5.0,3.5,0,0,0,,,0,0,0,0,0,
Jaylen Waddle,J.Waddle,WR,MIA,2025,16,reg_2025,910,64,100,6,34.4516600557987,0.216450216450216,0.388459250446163,0.596596799987639,0.64,13.06,3.5625,28,2,0,1.92951566330157,14.0,8,1,1,0,0,-0.592364791144432
Dee Eskridge,D.Eskridge,WR,MIA,2025,11,reg_2025,62,4,7,0,3.04586597078014,0.0151515151515152,0.0291493158834027,0.0431317938456546,0.5714285714285714,14.0,2.25,0,0,0,,,0,0,0,0,0,
Dyami Brown,D.Brown,WR,JAX,2025,11,reg_2025,227,20,37,1,-2.08392019058443,0.0676416819012797,0.106147540983607,0.175765801540444,0.5405405405405406,14.0,1.55,30,6,0,-0.666527263179887,5.0,0,0,0,0,0,
John Bates,J.Bates,TE,WAS,2025,10,reg_2025,103,11,16,1,7.80472394806566,0.037037037037037,0.0120060030015008,0.0639597576566061,0.6875,3.0,6.181818181818182,0,0,0,,,0,0,0,0,0,
Tylan Wallace,T.Wallace,WR,BAL,2025,11,reg_2025,45,4,8,1,1.51137812041277,0.0196560196560197,0.0312682641729982,0.0513718144051283,0.5,13.375,4.25,0,0,0,,,0,0,0,0,0,
Noah Gray,N.Gray,TE,KC,2025,14,reg_2025,178,21,37,0,-6.85431966585796,0.0673952641165756,0.0527244650341937,0.138000021698799,0.5675675675675675,6.45945945945946,5.095238095238095,0,0,0,,,0,0,0,0,0,
Simi Fehoko,S.Fehoko,WR,ARI,2025,7,reg_2025,0,0,0,0,,0.0,0.0,0.0,,,,0,0,0,,,0,0,0,0,0,
Shane Buechele,S.Buechele,QB,KC,2025,1,reg_2025,0,0,0,0,,0.0,0.0,0.0,,,,4,1,0,-0.834705842891708,4.0,88,14,7,0,0,-6.8254729354437
Adam Prentice,A.Prentice,RB,DEN,2025,13,reg_2025,53,6,8,0,1.73441274743527,0.0136986301369863,0.0020053475935828,0.0219516885209875,0.75,1.125,7.166666666666667,44,10,0,-0.591271684097592,4.4,0,0,0,0,0,
Jack Stoll,J.Stoll,TE,NO,2025,9,reg_2025,46,6,11,1,-5.03413305454887,0.0194690265486726,0.0071025694589513,0.0341753384442748,0.5454545454545454,3.090909090909091,2.833333333333333,0,0,0,,,0,0,0,0,0,
Brock Wright,B.Wright,TE,DET,2025,8,reg_2025,108,14,22,2,-1.92902500196942,0.04,0.0058949624866023,0.0641264737406217,0.6363636363636364,1.0,6.142857142857143,0,0,0,,,0,0,0,0,0,
Jaret Patterson,J.Patterson,RB,LAC,2025,6,reg_2025,8,3,4,0,-1.61643091065343,0.0073529411764705,-0.0002199736031676,0.0108754302424885,0.75,-0.25,2.6666666666666665,159,41,1,-1.45853786092282,3.8780487804878048,0,0,0,0,0,
Feleipe Franks,F.Franks,TE,ATL,2025,10,reg_2025,0,0,0,0,,0.0,0.0,0.0,,,,4,2,0,1.27250441163778,2.0,0,0,0,0,0,
Austin Trammell,A.Trammell,WR,JAX,2025,6,reg_2025,46,3,10,0,-4.97084058558713,0.0182815356489945,0.0266393442622951,0.0460698444570983,0.3,13.0,0.6666666666666666,0,0,0,,,0,0,0,0,0,
Kene Nwangwu,K.Nwangwu,RB,NYJ,2025,10,reg_2025,0,0,1,0,-0.847366844303906,0.0021186440677966,-0.0017626321974148,0.0019441235635045,0.0,-6.0,,49,13,0,-3.18227945506806,3.769230769230769,0,0,0,0,0,
Tutu Atwell,T.Atwell,WR,LA,2025,8,reg_2025,192,6,15,1,2.77551955756971,0.0258175559380379,0.0546309696092619,0.0769680126335402,0.4,20.133333333333333,11.166666666666666,0,0,0,,,0,0,0,0,0,
Ben Skowronek,B.Skowronek,WR,PIT,2025,16,reg_2025,69,4,6,1,5.40894610073883,0.0114942528735632,0.0185975609756098,0.0302596719932717,0.6666666666666666,10.166666666666666,5.75,0,0,0,,,0,0,0,0,0,
Rhamondre Stevenson,R.Stevenson,RB,NE,2025,14,reg_2025,345,32,37,2,13.0978004468668,0.0767634854771784,0.0344752818733738,0.139277925527129,0.8648648648648649,4.297297297297297,8.21875,603,130,7,-18.2762055825109,4.638461538461539,0,0,0,0,0,
Kylen Granson,K.Granson,TE,PHI,2025,12,reg_2025,40,7,9,0,-1.86459525828832,0.0193965517241379,0.0151684140084765,0.0397127173921404,0.7777777777777778,7.555555555555555,1.8571428571428568,0,0,0,,,0,0,0,0,0,
Luke Farrell,L.Farrell,TE,SF,2025,13,reg_2025,85,11,14,2,3.54589824355207,0.0254545454545455,0.0095437616387337,0.0448624513289318,0.7857142857142857,2.9285714285714284,4.727272727272728,0,0,0,,,0,0,0,0,0,
Najee Harris,N.Harris,RB,LAC,2025,3,reg_2025,25,3,3,0,1.31182991201058,0.0055147058823529,0.0021997360316762,0.0098118740457027,1.0,3.333333333333333,5.0,61,15,0,-0.338828790700063,4.066666666666666,0,0,0,0,0,
Pat Freiermuth,P.Freiermuth,TE,PIT,2025,15,reg_2025,486,41,54,4,23.3098408698331,0.103448275862069,0.0984756097560976,0.224105340622372,0.7592592592592593,5.981481481481482,6.219512195121951,0,0,0,,,0,0,0,0,0,
Davis Mills,D.Mills,QB,HOU,2025,6,reg_2025,0,0,0,0,,0.0,0.0,0.0,,,,60,13,1,-0.84783208552096,4.615384615384615,915,159,91,5,1,-16.7552503912622
Ja'Marr Chase,J.Chase,WR,CIN,2025,16,reg_2025,1412,125,185,8,41.3794737437568,0.304276315789474,0.333545782876567,0.689896521697807,0.6756756756756757,8.486486486486486,5.12,14,3,0,0.122863875236362,4.666666666666667,0,0,0,0,0,
Khalil Herbert,K.Herbert,RB,NYJ,2025,5,reg_2025,4,1,4,0,-4.05683814373333,0.0084745762711864,-0.003819036427732,0.0100385389073672,0.25,-3.25,9.0,52,16,0,-2.26528249323019,3.25,0,0,0,0,0,
DeVonta Smith,D.Smith,WR,PHI,2025,17,reg_2025,1008,77,113,4,54.3695421216312,0.243534482758621,0.302252955610083,0.576878793064989,0.6814159292035398,11.991150442477876,3.805194805194805,0,0,0,,,0,0,0,0,0,
Kenny Gainwell,K.Gainwell,RB,PIT,2025,17,reg_2025,486,73,85,3,3.93261930891819,0.162835249042146,-0.0051829268292682,0.240624824782731,0.8588235294117647,-0.2,7.232876712328767,537,114,5,-0.656572956941091,4.7105263157894735,0,0,0,0,0,
Michael Carter,M.Carter,RB,ARI,2025,13,reg_2025,267,33,45,0,1.85493948381044,0.0729335494327391,0.0160944206008584,0.120666418569709,0.7333333333333333,1.6666666666666667,7.787878787878788,333,92,1,-6.84787445128313,3.619565217391304,0,0,0,0,0,
Justin Fields,J.Fields,QB,NYJ,2025,9,reg_2025,0,0,1,0,-0.818771343037952,0.0021186440677966,0.0017626321974148,0.0044118086398852,0.0,6.0,,383,71,4,8.7628133335886,5.394366197183099,1259,204,128,7,1,-22.4516230250076
Avery Williams,A.Williams,RB,NYJ,2025,1,reg_2025,0,0,0,0,,0.0,0.0,0.0,,,,0,0,0,,,0,0,0,0,0,
Michael Bandy,M.Bandy,WR,DEN,2025,4,reg_2025,50,4,4,1,7.25989974103868,0.0068493150684931,0.0053475935828877,0.0140172881107611,1.0,6.0,6.5,0,0,0,,,0,0,0,0,0,
Amon-Ra St. Brown,A.St. Brown,WR,DET,2025,17,reg_2025,1401,117,172,11,55.6147162411548,0.312727272727273,0.372454448017149,0.729809022702914,0.6802325581395349,8.081395348837209,4.871794871794871,9,3,0,0.556990244775079,3.0,0,0,0,0,0,
Kyle Pitts,K.Pitts,TE,ATL,2025,17,reg_2025,928,88,118,5,24.5839523556697,0.227360308285164,0.208393285371703,0.486915762187938,0.7457627118644068,7.364406779661017,4.545454545454546,0,0,0,,,0,0,0,0,0,
Trevor Lawrence,T.Lawrence,QB,JAX,2025,17,reg_2025,0,0,0,0,,0.0,0.0,0.0,,,,359,82,9,26.8447585121549,4.378048780487805,4007,560,341,29,12,38.4097214363881
Mac Jones,M.Jones,QB,SF,2025,11,reg_2025,0,0,0,0,,0.0,0.0,0.0,,,,60,36,0,-5.26777635371717,1.6666666666666667,2151,289,201,13,6,44.6851207404805
Travis Etienne,T.Etienne,RB,JAX,2025,17,reg_2025,292,36,52,6,9.14852294290904,0.0950639853747715,-0.0155737704918033,0.131694338717895,0.6923076923076923,-1.4615384615384617,9.416666666666666,1107,260,7,-18.9828439997652,4.257692307692308,0,0,0,0,0,
Elijah Moore,E.Moore,WR,BUF,2025,9,reg_2025,112,9,17,0,-3.88952325104037,0.035490605427975,0.0392916436081904,0.0807400586676957,0.5294117647058824,8.352941176470589,6.444444444444445,24,6,1,-0.0151598747470416,4.0,0,0,0,0,0,
Trey Sermon,T.Sermon,RB,PIT,2025,3,reg_2025,0,0,0,0,,0.0,0.0,0.0,,,,0,0,0,,,0,0,0,0,0,
Josh Palmer,J.Palmer,WR,BUF,2025,12,reg_2025,303,22,37,0,6.74361243948623,0.0772442588726514,0.11732152739347,0.197991457484406,0.5945945945945946,11.45945945945946,2.4545454545454546,0,0,0,,,0,0,0,0,0,
Javonte Williams,J.Williams,RB,DAL,2025,16,reg_2025,137,35,51,2,-22.7372691551386,0.0840197693574959,-0.013217597159203,0.116777336024802,0.6862745098039216,-1.3137254901960784,5.885714285714286,1201,252,11,12.2050037380845,4.765873015873016,0,0,0,0,0,
Hunter Long,H.Long,TE,JAX,2025,7,reg_2025,85,12,17,2,7.76873838831671,0.0310786106032907,0.0135245901639344,0.0560851290196901,0.7058823529411765,3.882352941176471,2.583333333333333,0,0,0,,,0,0,0,0,0,
Tommy Tremble,T.Tremble,TE,CAR,2025,15,reg_2025,249,27,37,2,8.24909595630369,0.0770833333333333,0.0472463768115942,0.148697463768116,0.7297297297297297,4.405405405405405,6.074074074074074,0,0,0,,,0,0,0,0,0,
Trey Lance,T.Lance,QB,LAC,2025,4,reg_2025,0,0,0,0,,0.0,0.0,0.0,,,,85,17,0,1.25343599158805,5.0,226,57,27,0,1,-39.4666925595923
Zach Wilson,Z.Wilson,QB,MIA,2025,4,reg_2025,0,0,0,0,,0.0,0.0,0.0,,,,1,3,0,-0.238501504063606,0.3333333333333333,32,11,6,0,0,-6.62134442542447
Sal Cannella,S.Cannella,TE,CLE,2025,2,reg_2025,11,2,5,0,-8.81950369477272,0.0095785440613026,0.0145310435931308,0.0245395466071456,0.4,11.0,2.5,0,0,0,,,0,0,0,0,0,
Nikola Kalinic,N.Kalinic,TE,CHI,2025,2,reg_2025,0,0,0,0,,0.0,0.0,0.0,,,,0,0,0,,,0,0,0,0,0,
Tyler Badie,T.Badie,RB,DEN,2025,16,reg_2025,141,19,31,0,1.22353060223844,0.0530821917808219,-0.0098039215686274,0.0727605425731937,0.6129032258064516,-1.4193548387096775,11.052631578947368,23,8,0,-3.70491996921159,2.875,0,0,0,0,0,
Grant Calcaterra,G.Calcaterra,TE,PHI,2025,9,reg_2025,76,9,13,1,0.973825295106508,0.0280172413793103,0.0189605175105956,0.0552982243263824,0.6923076923076923,6.538461538461538,3.4444444444444446,0,0,0,,,0,0,0,0,0,
Bo Melton,B.Melton,WR,GB,2025,13,reg_2025,107,4,13,1,-2.57822561985813,0.0282608695652174,0.0518328274573897,0.0786742835679989,0.3076923076923077,17.076923076923077,1.75,35,5,0,0.847675334080122,7.0,0,0,0,0,0,
Dareke Young,D.Young,WR,SEA,2025,8,reg_2025,48,2,3,0,1.97011045448016,0.0065934065934065,0.0151394422310757,0.0204877194518629,0.6666666666666666,19.0,0.0,0,0,0,,,0,0,0,0,0,
Samori Toure,S.Toure,WR,NO,2025,1,reg_2025,3,1,3,0,-8.68517970072571,0.0053097345132743,0.0062669730520158,0.0123514829063226,0.3333333333333333,10.0,0.0,0,0,0,,,0,0,0,0,0,
Jake Tonges,J.Tonges,TE,SF,2025,10,reg_2025,293,34,46,5,14.2160502494226,0.0836363636363636,0.0542364990689013,0.163420094802776,0.7391304347826086,5.065217391304348,4.205882352941177,0,0,0,,,0,0,0,0,0,
Tyler Goodson,T.Goodson,RB,IND,2025,10,reg_2025,8,2,3,0,-0.945966201659758,0.0056603773584905,-0.0006849315068493,0.0080111139829413,0.6666666666666666,-1.0,5.0,24,9,0,-2.98170059034601,2.6666666666666665,0,0,0,0,0,
Britain Covey,B.Covey,WR,PHI,2025,6,reg_2025,20,2,4,0,0.596368302264206,0.0086206896551724,0.0017845192951148,0.014180197989339,0.5,2.0,10.0,0,0,0,,,0,0,0,0,0,
Bam Knight,Z.Knight,RB,ARI,2025,12,reg_2025,160,22,31,1,1.40466736193048,0.0502431118314425,0.0079399141630901,0.0809226076613268,0.7096774193548387,1.1935483870967742,6.863636363636363,269,82,4,-16.3875326097622,3.2804878048780486,0,0,0,0,0,
Isiah Pacheco,I.Pacheco,RB,KC,2025,13,reg_2025,101,19,26,1,-4.67793327944788,0.0473588342440802,-0.0059563203176704,0.0668688271437509,0.7307692307692307,-1.0384615384615383,6.368421052631579,462,118,1,-13.6433928764309,3.915254237288136,0,0,0,0,0,
Jaylen Warren,J.Warren,RB,PIT,2025,16,reg_2025,333,40,45,2,10.641412097989,0.0862068965517242,-0.0344512195121951,0.10519449116905,0.8888888888888888,-2.511111111111111,10.975,958,211,6,-0.500219264824409,4.540284360189573,0,0,0,0,0,
Kevin Austin Jr.,K.Austin,WR,NO,2025,5,reg_2025,140,13,23,1,0.341249946449217,0.0407079646017699,0.0398997284311677,0.0889917568044723,0.5652173913043478,8.304347826086957,4.307692307692308,0,0,0,,,0,0,0,0,0,
Drake London,D.London,WR,ATL,2025,12,reg_2025,919,68,112,7,24.780595332661,0.215799614643545,0.292805755395683,0.528663450742296,0.6071428571428571,10.901785714285714,3.367647058823529,0,0,0,,,0,0,0,0,0,
Chris Olave,C.Olave,WR,NO,2025,16,reg_2025,1163,100,156,9,35.6293622627058,0.276106194690265,0.384583246292041,0.683367564439827,0.6410256410256411,11.801282051282053,2.89,-3,1,0,-1.25310192722827,-3.0,0,1,0,0,1,-3.5951321736211
Jameson Williams,J.Williams,WR,DET,2025,17,reg_2025,1117,65,102,7,56.1684345240439,0.185454545454545,0.345391211146838,0.519955665984605,0.6372549019607843,12.637254901960784,6.7846153846153845,12,6,0,-1.42571196315112,2.0,0,0,0,0,0,
George Pickens,G.Pickens,WR,DAL,2025,17,reg_2025,1429,93,137,9,88.7427112801041,0.225700164744646,0.305188400078911,0.552182127172206,0.6788321167883211,11.291970802919709,5.150537634408602,0,0,0,,,0,0,0,0,0,
James Cook,J.Cook,RB,BUF,2025,17,reg_2025,291,33,40,2,8.67202215976431,0.0835073068893528,0.0154952960708356,0.136107667583614,0.825,1.4,8.242424242424242,1621,309,12,5.57597554101434,5.2459546925566345,0,0,0,0,0,
Greg Dulcich,G.Dulcich,TE,MIA,2025,9,reg_2025,335,26,33,1,17.5111882914354,0.0714285714285714,0.046103509815586,0.139415314013767,0.7878787878787878,4.696969696969697,7.653846153846154,-7,1,0,-1.62947965239926,-7.0,0,0,0,0,0,
Rachaad White,R.White,RB,TB,2025,17,reg_2025,218,40,45,0,-1.81148175994003,0.0831792975970425,-0.0226465364120782,0.108916370907109,0.8888888888888888,-2.2666666666666666,8.225,572,132,4,10.4287434103052,4.333333333333333,0,0,0,0,0,
Dameon Pierce,D.Pierce,RB,KC,2025,5,reg_2025,0,0,1,0,-0.631294521968812,0.0018083182640144,-0.0008394543546694,0.002124859347753,0.0,-4.0,,36,14,0,-3.87757838924881,2.571428571428572,0,0,0,0,0,
Khalil Shakir,K.Shakir,WR,BUF,2025,16,reg_2025,719,72,95,4,7.50213203008042,0.198329853862213,0.0965688987271721,0.36509300990234,0.7578947368421053,3.673684210526316,7.513888888888889,5,1,0,-0.105408141389489,5.0,0,0,0,0,0,
Tyler Allgeier,T.Allgeier,RB,ATL,2025,17,reg_2025,96,14,16,0,2.78284132614499,0.0308285163776493,-0.0062350119904076,0.0418782661731886,0.875,-1.625,8.571428571428571,514,143,8,-11.5547406327964,3.5944055944055946,0,0,0,0,0,
Jerome Ford,J.Ford,RB,CLE,2025,13,reg_2025,103,26,32,0,-5.587545501081,0.0613026819923372,-0.0129458388375165,0.0828919358022442,0.8125,-1.53125,5.923076923076923,73,24,0,-3.0169608334545,3.0416666666666665,0,0,0,0,0,
Ty Chandler,T.Chandler,RB,MIN,2025,3,reg_2025,11,3,4,0,-0.839005224443856,0.0085470085470085,-0.0053233963268565,0.0090941353917132,0.75,-5.0,9.0,47,17,0,-5.50631950073876,2.764705882352941,0,0,0,0,0,
Teagan Quitoriano,T.Quitoriano,TE,ATL,2025,2,reg_2025,0,0,0,0,,0.0,0.0,0.0,,,,0,0,0,,,0,0,0,0,0,
James Mitchell,J.Mitchell,TE,CAR,2025,2,reg_2025,28,3,3,0,2.24415498785675,0.00625,0.0020289855072463,0.0107952898550725,1.0,2.333333333333333,7.0,0,0,0,,,0,0,0,0,0,
Jalen Nailor,J.Nailor,WR,MIN,2025,17,reg_2025,444,29,53,4,11.5625890953043,0.113247863247863,0.174607399520894,0.292096974536421,0.5471698113207547,12.37735849056604,3.8620689655172415,13,2,0,-1.27200508932583,6.5,0,0,0,0,0,
Andrew Ogletree,A.Ogletree,TE,IND,2025,11,reg_2025,27,4,6,1,1.31117279594764,0.0113207547169811,0.0095890410958904,0.023693460842595,0.6666666666666666,7.0,2.25,0,0,0,,,0,0,0,0,0,
Connor Heyward,Co.Heyward,RB,PIT,2025,14,reg_2025,21,3,4,1,1.41095476702321,0.0076628352490421,0.0079268292682926,0.0170430333613681,0.75,6.5,1.6666666666666667,43,15,2,8.55620119650848,2.8666666666666667,0,0,0,0,0,
John FitzPatrick,J.FitzPatrick,TE,GB,2025,11,reg_2025,72,12,15,1,3.76181084662676,0.0326086956521739,0.0056035489143124,0.0528355277182795,0.8,1.6,4.75,0,0,0,,,0,0,0,0,0,
Ko Kieft,K.Kieft,TE,TB,2025,2,reg_2025,0,0,0,0,,0.0,0.0,0.0,,,,0,0,0,,,0,0,0,0,0,
Chris Oladokun,C.Oladokun,QB,KC,2025,3,reg_2025,0,0,0,0,,0.0,0.0,0.0,,,,18,5,0,-5.56923865285353,3.6,235,55,35,1,0,-30.1231291323971
Brittain Brown,B.Brown,RB,CHI,2025,2,reg_2025,0,0,1,0,-0.166052983433474,0.0018796992481203,0.0008090614886731,0.0033858919142516,0.0,4.0,,37,5,1,2.59840525046457,7.4,0,0,0,0,0,
Zaire Mitchell-Paden,Z.Mitchell-Paden,TE,NO,2025,3,reg_2025,17,2,3,0,1.14551843324443,0.0073710073710073,0.0037989479836353,0.0137157746450558,0.6666666666666666,4.333333333333333,2.5,0,0,0,,,0,0,0,0,0,
Tanner Conner,T.Conner,TE,MIA,2025,8,reg_2025,91,9,15,0,-6.50835026579443,0.0324675324675325,0.0353955978584176,0.073478217202191,0.6,7.933333333333334,4.333333333333333,0,0,0,,,0,0,0,0,0,
Kaden Davis,K.Davis,WR,CLE,2025,1,reg_2025,0,0,0,0,,0.0,0.0,0.0,,,,0,0,0,,,0,0,0,0,0,
Stone Smartt,S.Smartt,TE,NYJ,2025,6,reg_2025,52,7,9,0,2.38765157287708,0.0190677966101695,0.0123384253819036,0.0372385926825868,0.7777777777777778,4.666666666666667,3.857142857142857,0,0,0,,,0,0,0,0,0,
Deven Thompkins,D.Thompkins,WR,ATL,2025,7,reg_2025,27,3,3,0,0.933553531416692,0.0057803468208092,0.0016786570743405,0.0098455801832522,1.0,2.333333333333333,6.666666666666667,5,1,0,0.34703506808728,5.0,0,0,0,0,0,
Tay Martin,T.Martin,WR,WAS,2025,2,reg_2025,23,2,2,0,2.53249491762836,0.0046296296296296,0.0045022511255627,0.0100960202323384,1.0,9.0,2.5,0,0,0,,,0,0,0,0,0,
Jordan Mason,J.Mason,RB,MIN,2025,16,reg_2025,51,14,16,0,-4.60773309636953,0.0341880341880342,-0.013840830449827,0.0415934699671724,0.875,-3.25,7.285714285714286,758,159,6,-5.77345446837717,4.767295597484277,0,0,0,0,0,
Lucas Krull,L.Krull,TE,DEN,2025,2,reg_2025,15,2,4,0,-2.38333394215442,0.0068493150684931,0.0044563279857397,0.0133934021927576,0.5,5.0,2.0,0,0,0,,,0,0,0,0,0,
Rashid Shaheed,R.Shaheed,WR,SEA,2025,18,reg_2025,687,59,92,2,-4.27938954224811,0.16283185840708,0.219970754125757,0.39822731549865,0.6413043478260869,11.445652173913045,3.0,69,9,0,0.974934274272528,7.666666666666667,0,0,0,0,0,
Ronnie Rivers,R.Rivers,RB,LA,2025,6,reg_2025,0,0,0,0,,0.0,0.0,0.0,,,,46,9,0,-1.09322079038247,5.111111111111111,0,0,0,0,0,
Malik Davis,M.Davis,RB,DAL,2025,10,reg_2025,16,2,5,0,-4.81197581143351,0.0082372322899505,0.0035509962517261,0.0148415458111342,0.4,3.6,3.0,250,52,2,0.813392344542081,4.807692307692308,0,0,0,0,0,
Julius Chestnut,J.Chestnut,RB,TEN,2025,16,reg_2025,0,0,2,0,-1.451850987738,0.0037735849056603,0.0054808171400099,0.0094969493564975,0.0,11.0,,40,11,0,-3.23899546646726,3.636363636363636,0,0,0,0,0,
John Metchie III,J.Metchie,WR,NYJ,2025,13,reg_2025,274,33,48,2,-2.33855044032955,0.103448275862069,0.0597813963863484,0.197019391263547,0.6875,5.583333333333333,4.242424242424242,-5,3,0,-3.03156711580232,-1.6666666666666667,0,0,0,0,0,
Hassan Haskins,H.Haskins,RB,LAC,2025,11,reg_2025,13,4,4,0,-1.51343931164593,0.0073529411764705,-0.0006599208095028,0.0105674671980539,1.0,-0.75,4.0,47,17,0,-2.88728318590438,2.764705882352941,0,0,0,0,0,
Tucker Fisk,T.Fisk,TE,LAC,2025,4,reg_2025,19,2,4,0,-0.889272824453656,0.0073529411764705,0.0048394192696876,0.0144170052534872,0.5,5.5,10.5,0,0,0,,,0,0,0,0,0,
Alec Pierce,A.Pierce,WR,IND,2025,15,reg_2025,1003,47,84,6,55.7791130584358,0.158490566037736,0.363698630136986,0.492324890152494,0.5595238095238095,18.964285714285715,3.702127659574468,0,0,0,,,0,0,0,0,0,
Jalen Tolbert,J.Tolbert,WR,DAL,2025,12,reg_2025,203,18,34,1,4.91103192177426,0.0560131795716639,0.0804892483724601,0.140362243218218,0.5294117647058824,12.0,2.555555555555556,0,0,0,,,0,0,0,0,0,
Garrett Wilson,G.Wilson,WR,NYJ,2025,7,reg_2025,395,36,59,4,-2.06512804815362,0.125,0.15716803760282,0.297517626321974,0.6101694915254238,9.067796610169491,2.7777777777777777,0,0,0,,,0,0,0,0,0,
Jahan Dotson,J.Dotson,WR,PHI,2025,15,reg_2025,262,18,36,1,-15.0572671409488,0.0775862068965517,0.123801026098595,0.203040028613844,0.5,15.416666666666666,2.7777777777777777,0,0,0,,,0,0,0,0,0,
Treylon Burks,T.Burks,WR,WAS,2025,8,reg_2025,130,10,22,1,-8.81426042576667,0.0509259259259259,0.0740370185092546,0.128214801845367,0.4545454545454545,13.454545454545457,3.4,0,0,0,,,0,0,0,0,0,-0.498424221528694
Trey McBride,T.McBride,TE,ARI,2025,17,reg_2025,1239,126,169,11,72.7163668902731,0.273905996758509,0.241630901287554,0.580000626039051,0.7455621301775148,6.662721893491124,4.626984126984127,0,0,0,,,0,0,0,0,0,
Velus Jones Jr.,V.Jones,WR,SEA,2025,5,reg_2025,0,0,0,0,,0.0,0.0,0.0,,,,32,4,0,1.15214592474513,8.0,0,0,0,0,0,
Brian Robinson,B.Robinson,RB,SF,2025,17,reg_2025,25,8,12,0,-4.06271440396085,0.0218181818181818,0.0,0.0327272727272727,0.6666666666666666,0.0,4.375,400,92,2,-0.71961626869652,4.3478260869565215,0,0,0,0,0,
Jelani Woods,J.Woods,TE,NYJ,2025,2,reg_2025,4,1,3,0,-2.54582736833254,0.0063559322033898,0.0017626321974148,0.0107677408432751,0.3333333333333333,2.0,1.0,0,0,0,,,0,0,0,0,0,
KaVontae Turpin,K.Turpin,WR,DAL,2025,15,reg_2025,396,26,38,2,16.7210022878972,0.0626029654036244,0.0668770960741764,0.14071841535736,0.6842105263157895,8.921052631578947,8.23076923076923,89,17,0,-3.17448080639588,5.235294117647059,0,0,0,0,0,
Jeremy Ruckert,J.Ruckert,TE,NYJ,2025,14,reg_2025,179,23,29,1,4.54611501499312,0.0614406779661017,0.0299647473560517,0.113136340098389,0.7931034482758621,3.5172413793103448,4.304347826086956,0,0,0,,,0,0,0,0,0,
Chig Okonkwo,C.Okonkwo,TE,TEN,2025,17,reg_2025,560,56,79,2,12.6711040627125,0.149056603773585,0.0911808669656203,0.287411512536312,0.7088607594936709,4.632911392405063,6.107142857142857,0,0,0,,,0,0,0,0,0,
Romeo Doubs,R.Doubs,WR,GB,2025,16,reg_2025,724,55,85,6,34.6454725600901,0.184782608695652,0.253327107167873,0.454502888060989,0.6470588235294118,12.764705882352942,2.963636363636364,0,0,0,,,0,0,0,0,0,
Brock Purdy,B.Purdy,QB,SF,2025,9,reg_2025,0,0,0,0,,0.0,0.0,0.0,,,,147,33,3,16.1920897064847,4.454545454545454,2167,284,197,20,10,63.1299391168206
Calvin Austin III,C.Austin,WR,PIT,2025,14,reg_2025,372,31,55,3,-4.1407796758778,0.10536398467433,0.184451219512195,0.287161830670031,0.5636363636363636,11.0,4.129032258064516,0,0,0,,,0,0,0,0,0,
Isaiah Likely,I.Likely,TE,BAL,2025,12,reg_2025,307,27,36,1,5.39542026744853,0.0884520884520885,0.0838690824079486,0.191386490363697,0.75,7.972222222222222,4.333333333333333,0,0,0,,,0,0,0,0,0,
Kyren Williams,K.Williams,RB,LA,2025,17,reg_2025,281,36,50,3,8.53867498547588,0.0860585197934596,0.0226121562952243,0.144916289096846,0.72,2.5,4.305555555555555,1252,259,10,4.92759938989395,4.833976833976834,0,0,0,0,0,
Zamir White,Z.White,RB,LV,2025,5,reg_2025,24,4,6,0,-1.8568793826481,0.0121457489878543,-0.000935162094763,0.0175640100154472,0.6666666666666666,-0.5,6.0,32,12,0,-7.5715342174517,2.6666666666666665,0,0,0,0,0,
Jake Ferguson,J.Ferguson,TE,DAL,2025,17,reg_2025,600,82,102,8,19.060186915451,0.168039538714992,0.093706845531663,0.317654099944652,0.803921568627451,4.65686274509804,3.7439024390243913,1,1,0,-0.694362650625408,1.0,0,0,0,0,0,
Charlie Kolar,C.Kolar,TE,BAL,2025,13,reg_2025,142,10,15,2,5.15456824345165,0.0368550368550369,0.0309760374050263,0.0769657814660737,0.6666666666666666,7.066666666666666,5.2,0,0,0,,,0,0,0,0,0,
Skyy Moore,S.Moore,WR,SF,2025,17,reg_2025,87,5,7,0,4.71711753081763,0.0127272727272727,0.0256052141527002,0.0370145589977992,0.7142857142857143,15.714285714285714,5.8,11,2,0,0.530986284604296,5.5,0,0,0,0,0,
Kenny Pickett,K.Pickett,QB,LV,2025,6,reg_2025,0,0,0,0,,0.0,0.0,0.0,,,,22,5,0,-3.21902943326859,4.4,188,45,28,1,2,-28.7876919492745
Tyquan Thornton,T.Thornton,WR,KC,2025,12,reg_2025,438,19,37,3,26.2481328128121,0.0673952641165756,0.219501433928965,0.254743899925139,0.5135135135135135,26.89189189189189,3.1052631578947367,0,0,0,,,0,0,0,0,0,
Daniel Bellinger,D.Bellinger,TE,NYG,2025,13,reg_2025,286,19,26,2,22.597485702514,0.0516898608349901,0.0545495193382517,0.115719454789261,0.7307692307692307,9.384615384615383,6.947368421052632,0,0,0,,,0,0,0,0,0,
Wan'Dale Robinson,W.Robinson,WR,NYG,2025,16,reg_2025,1014,92,140,4,19.4625431101307,0.278330019880716,0.265369997764364,0.603254028256128,0.6571428571428571,8.478571428571428,4.195652173913044,5,3,0,1.92204782774206,1.6666666666666667,0,0,0,0,0,
Breece Hall,B.Hall,RB,NYJ,2025,16,reg_2025,350,36,48,1,8.66959196323341,0.101694915254237,0.0041128084606345,0.1554213388038,0.75,0.2916666666666667,8.916666666666666,1065,243,4,-22.2666095108434,4.382716049382716,4,1,1,1,0,1.19456161110429
Christian Watson,C.Watson,WR,GB,2025,10,reg_2025,611,35,55,6,32.2728339785638,0.119565217391304,0.228111137053467,0.339025622024384,0.6363636363636364,17.763636363636362,3.3714285714285714,3,1,0,-0.185090861283243,3.0,0,0,0,0,0,
Malik Willis,M.Willis,QB,GB,2025,4,reg_2025,0,0,0,0,,0.0,0.0,0.0,,,,123,22,2,1.06311157406586,5.590909090909091,422,35,30,3,0,28.0844250857353
Cade Otton,C.Otton,TE,TB,2025,15,reg_2025,572,59,81,1,3.08032558020279,0.149722735674677,0.0930284191829485,0.289703996940079,0.7283950617283951,5.172839506172839,5.237288135593221,0,0,0,,,0,0,0,0,0,
Kenneth Walker III,K.Walker,RB,SEA,2025,17,reg_2025,282,31,36,0,6.83945741554152,0.0791208791208791,-0.0108897742363878,0.111058476715847,0.8611111111111112,-1.1388888888888888,10.935483870967742,1027,221,5,-14.2939063761165,4.647058823529412,0,0,0,0,0,
Xavier Smith,X.Smith,WR,LA,2025,16,reg_2025,303,18,24,0,21.9349399865605,0.0413080895008606,0.0732633863965268,0.11324650472886,0.75,16.875,5.944444444444445,0,0,0,,,0,0,0,0,0,
Dontayvion Wicks,D.Wicks,WR,GB,2025,13,reg_2025,332,30,46,2,14.1579833371288,0.1,0.12070978286248,0.234496848003736,0.6521739130434783,11.23913043478261,2.2333333333333334,6,1,0,0.494140584021807,6.0,0,0,0,0,0,
Will Mallory,W.Mallory,TE,IND,2025,1,reg_2025,16,1,1,0,1.51765771117061,0.0018867924528301,0.0036529680365296,0.005387266304816,1.0,16.0,0.0,0,0,0,,,0,0,0,0,0,
Eric Gray,E.Gray,RB,NYG,2025,1,reg_2025,0,0,0,0,,0.0,0.0,0.0,,,,0,0,0,,,0,0,0,0,0,
Evan Hull,E.Hull,RB,NO,2025,6,reg_2025,6,1,1,0,0.151240378152579,0.0017699115044247,-0.0008355964069354,0.0020699497717823,1.0,-4.0,10.0,48,19,0,-7.71794436074561,2.526315789473684,0,0,0,0,0,
Tanner McKee,T.McKee,QB,PHI,2025,4,reg_2025,0,0,0,0,,0.0,0.0,0.0,,,,8,8,0,-5.17026038834592,1.0,274,43,24,1,1,-2.46193814455862
Lew Nichols III,L.Nichols,RB,PIT,2025,1,reg_2025,0,0,0,0,,0.0,0.0,0.0,,,,0,0,0,,,0,0,0,0,0,
Tyson Bagent,T.Bagent,QB,CHI,2025,2,reg_2025,0,0,0,0,,0.0,0.0,0.0,,,,7,2,0,-0.371152909239754,3.5,47,4,3,0,0,2.30508261354407
Zavier Scott,Z.Scott,RB,MIN,2025,11,reg_2025,98,14,16,1,-0.762452969269361,0.0341880341880342,0.004524886877828,0.0544494720965309,0.875,1.0625,7.5,114,32,0,-8.99963791604387,3.5625,0,0,0,0,0,
Keaton Mitchell,K.Mitchell,RB,BAL,2025,13,reg_2025,63,9,12,0,-5.52936580037931,0.0294840294840295,-0.0081823495032144,0.0384983995737941,0.75,-2.333333333333333,9.444444444444445,341,59,1,2.6167700245569,5.779661016949152,0,0,0,0,0,
Travis Vokolek,T.Vokolek,TE,ARI,2025,1,reg_2025,0,0,0,0,,0.0,0.0,0.0,,,,0,0,0,,,0,0,0,0,0,
Owen Wright,O.Wright,RB,TB,2025,2,reg_2025,0,0,0,0,,0.0,0.0,0.0,,,,6,3,0,-1.04966099862941,2.0,0,0,0,0,0,
Malik Heath,M.Heath,WR,GB,2025,7,reg_2025,86,6,7,0,6.94982553062225,0.0152173913043478,0.0151762783095961,0.033449481773239,0.8571428571428571,9.285714285714286,4.833333333333333,0,0,0,,,0,0,0,0,0,
Brady Russell,B.Russell,RB,SEA,2025,10,reg_2025,0,0,1,0,-0.447156252805144,0.0021978021978022,0.0,0.0032967032967033,0.0,0.0,,0,0,0,,,0,0,0,0,0,
Jason Brownlee,J.Brownlee,WR,KC,2025,3,reg_2025,0,0,1,0,-0.713425388044558,0.0018214936247723,0.0019854401058901,0.0041220485112815,0.0,9.0,,0,0,0,,,0,0,0,0,0,
Xavier Gipson,X.Gipson,WR,PHI,2025,6,reg_2025,6,2,2,0,-0.613713318947703,0.0042372881355932,-0.0026439482961222,0.0045051683961042,1.0,-4.5,7.5,0,0,0,,,0,0,0,0,0,
E.J. Jenkins,E.Jenkins,TE,PHI,2025,1,reg_2025,0,0,0,0,,0.0,0.0,0.0,,,,0,0,0,,,0,0,0,0,0,
Nikko Remigio,N.Remigio,WR,KC,2025,14,reg_2025,21,1,1,0,2.17666199797532,0.0018214936247723,0.0039708802117802,0.0055118565854046,1.0,18.0,3.0,11,1,0,0.642709177685902,11.0,0,0,0,0,0,
Bijan Robinson,B.Robinson,RB,ATL,2025,17,reg_2025,820,79,103,4,26.5898357239615,0.198458574181118,0.024220623501199,0.314642297722516,0.7669902912621359,0.9805825242718448,10.848101265822784,1478,287,7,-12.254629210467,5.149825783972125,0,0,0,0,0,
Jaxon Smith-Njigba,J.Smith-Njigba,WR,SEA,2025,17,reg_2025,1793,119,163,10,90.6723460448338,0.358241758241758,0.486852589641434,0.878159450111641,0.7300613496932515,11.245398773006135,4.436974789915967,36,7,0,0.0466578644700348,5.142857142857143,0,0,0,0,0,
Quentin Johnston,Q.Johnston,WR,LAC,2025,13,reg_2025,735,51,84,8,23.9105185380869,0.154411764705882,0.217553893532776,0.383905372531767,0.6071428571428571,11.773809523809524,4.333333333333333,7,2,0,-0.370457995566539,3.5,0,0,0,0,0,
Luke Schoonmaker,L.Schoonmaker,TE,DAL,2025,14,reg_2025,132,14,23,0,3.64015665097395,0.0378912685337727,0.0325507989741566,0.0796224620825686,0.6086956521739131,7.173913043478261,5.857142857142857,0,0,0,,,0,0,0,0,0,
Kendre Miller,K.Miller,RB,NO,2025,7,reg_2025,30,5,5,0,-0.366885891184211,0.0088495575221238,-0.0010444955086693,0.0125431894271173,1.0,-1.0,7.0,193,47,1,-2.92695596202975,4.1063829787234045,0,0,0,0,0,
Tank Bigsby,T.Bigsby,RB,PHI,2025,15,reg_2025,32,3,4,0,-0.737251585582271,0.0073126142595978,-0.0012295081967213,0.0101082656516918,0.75,-1.5,13.0,356,63,2,7.24921927263672,5.650793650793651,0,0,0,0,0,
Darnell Washington,D.Washington,TE,PIT,2025,13,reg_2025,364,31,43,1,14.6425078796602,0.0823754789272031,0.0737804878048781,0.175209559854219,0.7209302325581395,5.627906976744186,7.387096774193548,0,0,0,,,0,0,0,0,0,
Michael Wilson,M.Wilson,WR,ARI,2025,17,reg_2025,1006,78,126,7,25.7521807023677,0.204213938411669,0.322317596566524,0.531943225214071,0.6190476190476191,11.92063492063492,3.5,0,0,0,,,0,0,0,0,0,
Tre Tucker,T.Tucker,WR,LV,2025,17,reg_2025,696,57,92,5,21.818872602487,0.186234817813765,0.29145885286783,0.483373423728129,0.6195652173913043,10.16304347826087,5.105263157894737,51,11,0,-0.469534552539699,4.636363636363637,0,0,0,0,0,
Cameron Latu,C.Latu,TE,PHI,2025,10,reg_2025,0,0,0,0,,0.0,0.0,0.0,,,,0,0,0,,,0,0,0,0,0,
Derius Davis,D.Davis,WR,LAC,2025,11,reg_2025,10,2,3,0,-1.02582044503652,0.0055147058823529,0.0072591289045314,0.0133534490567014,0.6666666666666666,11.0,4.0,5,2,0,-0.621488064702135,2.5,0,0,0,0,0,
Charlie Jones,C.Jones,WR,CIN,2025,14,reg_2025,0,0,1,0,-0.533708999399096,0.0016447368421052,0.0089228808158062,0.0087131218342222,0.0,42.0,,0,0,0,,,0,0,0,0,0,
Aidan O'Connell,A.O'Connell,QB,LV,2025,1,reg_2025,0,0,0,0,,0.0,0.0,0.0,,,,7,1,0,0.156770496862009,7.0,102,22,10,0,0,-5.86369217034538
Clayton Tune,C.Tune,QB,GB,2025,2,reg_2025,0,0,0,0,,0.0,0.0,0.0,,,,23,5,0,2.17913718568161,4.6,42,15,7,0,1,-19.8993445220985
Josh Whyle,J.Whyle,TE,GB,2025,6,reg_2025,36,5,6,1,2.19903587001443,0.0130434782608696,0.0053700677095493,0.0233242647879889,0.8333333333333334,3.8333333333333335,4.2,0,0,0,,,0,0,0,0,0,
Justin Shorter,J.Shorter,TE,LV,2025,3,reg_2025,0,0,0,0,,0.0,0.0,0.0,,,,0,0,0,,,0,0,0,0,0,
Chase Brown,C.Brown,RB,CIN,2025,17,reg_2025,437,69,88,5,-10.3290834767274,0.144736842105263,0.0097726789887401,0.223946138450013,0.7840909090909091,0.5227272727272727,6.521739130434782,1019,232,6,-4.24136065800837,4.392241379310345,0,0,0,0,0,
Parker Washington,P.Washington,WR,JAX,2025,16,reg_2025,847,58,95,5,29.7183817705908,0.173674588665448,0.243237704918033,0.430778276440795,0.6105263157894737,12.494736842105263,4.568965517241379,0,7,0,-1.42254256390802,0.0,0,0,0,0,0,
Kayshon Boutte,K.Boutte,WR,NE,2025,14,reg_2025,551,33,46,6,36.8603411761869,0.0954356846473029,0.169340849956635,0.261692121940599,0.717391304347826,16.97826086956522,1.1515151515151516,0,0,0,,,0,0,0,0,0,
Chris Rodriguez Jr.,C.Rodriguez,RB,WAS,2025,12,reg_2025,30,3,4,0,-3.30005039687967,0.0092592592592592,0.0040020010005002,0.0166902895892391,0.75,4.0,8.666666666666666,500,112,6,6.19751576817362,4.464285714285714,0,0,0,0,0,
Xavier Hutchinson,X.Hutchinson,WR,HOU,2025,16,reg_2025,428,35,57,3,12.8855666665117,0.103074141048825,0.122560335781742,0.240403446620456,0.6140350877192983,10.24561403508772,4.171428571428572,22,3,0,1.7993542412878,7.333333333333333,0,0,0,0,0,
Andrei Iosivas,A.Iosivas,WR,CIN,2025,15,reg_2025,435,33,58,2,11.6767575653411,0.0953947368421053,0.12874442319949,0.233213201502801,0.5689655172413793,10.448275862068966,3.121212121212121,14,3,0,-0.148516630753875,4.666666666666667,0,0,0,0,0,
DeMario Douglas,D.Douglas,WR,NE,2025,16,reg_2025,447,31,46,3,28.1422523459969,0.0954356846473029,0.0964874241110147,0.210694723848665,0.6739130434782609,9.673913043478262,6.903225806451613,21,7,0,-0.967242988874204,3.0,0,0,0,0,0,
Jalen Brooks,J.Brooks,WR,ARI,2025,5,reg_2025,51,3,6,0,1.83822546841111,0.0098846787479406,0.0134148747287433,0.0242174304320314,0.5,11.333333333333334,6.333333333333333,0,0,0,,,0,0,0,0,0,
Brayden Willis,B.Willis,TE,SF,2025,6,reg_2025,0,0,1,0,-0.729447938269004,0.0018181818181818,0.0004655493482309,0.0030531572710343,0.0,2.0,,0,0,0,,,0,0,0,0,0,
Ronnie Bell,R.Bell,WR,NO,2025,2,reg_2025,23,2,4,1,1.18801222270122,0.0070796460176991,0.0162941299352413,0.0220253599812176,0.5,19.5,0.5,0,0,0,,,0,0,0,0,0,
Adrian Martinez,A.Martinez,QB,SF,2025,1,reg_2025,0,0,0,0,,0.0,0.0,0.0,,,,-1,1,0,-2.32438810926396,-1.0,0,0,0,0,0,
Jordan Mims,J.Mims,RB,TEN,2025,1,reg_2025,0,0,0,0,,0.0,0.0,0.0,,,,0,0,0,,,0,0,0,0,0,
Tyrell Shavers,T.Shavers,WR,BUF,2025,11,reg_2025,245,15,23,1,12.2734986079158,0.0480167014613779,0.0824571112340897,0.12974503005593,0.6521739130434783,12.956521739130435,4.266666666666667,0,0,0,,,0,0,0,0,0,
Chris Brooks,C.Brooks,RB,GB,2025,17,reg_2025,91,13,17,0,-1.1175940929119,0.0369565217391304,0.0014008872285781,0.0564154036687003,0.7647058823529411,0.3529411764705882,8.153846153846153,106,27,0,-4.85968700838873,3.925925925925926,0,0,0,0,0,
Emari Demercado,E.Demercado,RB,ARI,2025,12,reg_2025,101,13,20,1,-1.58755496005267,0.0324149108589951,0.0025751072961373,0.0504249413957888,0.65,0.6,6.461538461538462,312,44,0,-6.90142593060383,7.090909090909091,0,0,0,0,0,
Blake Whiteheart,B.Whiteheart,TE,CLE,2025,9,reg_2025,4,2,6,0,-3.72797030216316,0.0114942528735632,0.0113606340819022,0.0251938231676764,0.3333333333333333,7.166666666666667,0.5,0,0,0,,,0,0,0,0,0,
Julian Hill,J.Hill,TE,MIA,2025,11,reg_2025,140,15,20,0,1.19606199928215,0.0432900432900433,0.0196311719214753,0.0786768852800976,0.75,3.3,7.4,0,0,0,,,0,0,0,0,0,
Jared Wayne,J.Wayne,WR,HOU,2025,1,reg_2025,20,2,2,0,0.594522395520471,0.0036166365280289,0.0035676810073452,0.007922331497185,1.0,8.5,1.5,0,0,0,,,0,0,0,0,0,
Princeton Fant,P.Fant,TE,DAL,2025,1,reg_2025,0,0,0,0,,0.0,0.0,0.0,,,,0,0,0,,,0,0,0,0,0,
Hunter Luepke,H.Luepke,RB,DAL,2025,14,reg_2025,109,13,15,1,4.60365266887168,0.0247116968698517,-0.000591832708621,0.0366532624087429,0.8666666666666667,-0.2,9.153846153846152,71,16,0,-1.59804113929564,4.4375,0,0,0,0,0,
Jalen Moreno-Cropper,J.Moreno-Cropper,WR,DAL,2025,2,reg_2025,0,0,0,0,,0.0,0.0,0.0,,,,0,0,0,,,0,0,0,0,0,
Jake Bobo,J.Bobo,WR,SEA,2025,5,reg_2025,20,2,2,0,1.13526193040889,0.0043956043956044,0.0037184594953519,0.0091963282401529,1.0,7.0,3.0,0,0,0,,,0,0,0,0,0,
Nate Adkins,N.Adkins,TE,DEN,2025,6,reg_2025,48,6,11,1,-0.6282122216071,0.0188356164383562,0.0077985739750445,0.0337124264400654,0.5454545454545454,3.1818181818181817,4.333333333333333,0,0,0,,,0,0,0,0,0,
Jaleel McLaughlin,J.McLaughlin,RB,DEN,2025,8,reg_2025,27,4,6,0,-2.22312605881598,0.0102739726027397,-0.0051247771836007,0.0118236148755891,0.6666666666666666,-3.8333333333333335,9.75,187,37,1,1.60191271163058,5.054054054054054,0,0,0,0,0,
Emanuel Wilson,E.Wilson,RB,GB,2025,17,reg_2025,99,15,17,0,1.01836101008963,0.0369565217391304,-0.0074713985524165,0.0502048036220041,0.8823529411764706,-1.8823529411764703,8.866666666666667,496,125,3,-7.70989854985885,3.968,0,0,0,0,0,
Ben Sims,B.Sims,TE,MIN,2025,3,reg_2025,30,3,6,0,0.73327856589458,0.0128205128205128,0.0194303965930264,0.0328320468458877,0.5,12.166666666666666,1.6666666666666667,0,0,0,,,0,0,0,0,0,
Ryan Miller,R.Miller,WR,TB,2025,9,reg_2025,34,2,4,1,-0.70493062422454,0.0073937153419593,0.0155417406749556,0.0219697914854079,0.5,17.5,0.0,0,0,0,,,0,0,0,0,0,
Mitchell Tinsley,M.Tinsley,WR,CIN,2025,8,reg_2025,116,8,24,2,2.62839672391042,0.0394736842105263,0.0752071383046526,0.111855523129046,0.3333333333333333,14.75,2.0,0,0,0,,,0,0,0,0,0,
Brycen Tremayne,B.Tremayne,WR,CAR,2025,15,reg_2025,160,14,18,0,7.11831432832942,0.0375,0.0455072463768116,0.0881050724637681,0.7777777777777778,8.722222222222221,4.142857142857143,0,0,0,,,0,0,0,0,0,
Shedrick Jackson,S.Jackson,WR,LV,2025,3,reg_2025,56,4,5,1,4.50288011704106,0.0101214574898785,0.0252493765586035,0.0328567498258403,0.8,16.2,1.0,3,1,0,-0.354833202669397,3.0,0,0,0,0,0,
Jacob Saylors,J.Saylors,RB,DET,2025,11,reg_2025,0,0,0,0,,0.0,0.0,0.0,,,,11,2,0,-1.0589698900003,5.5,0,0,0,0,0,
Malik Cunningham,M.Cunningham,WR,DET,2025,1,reg_2025,0,0,0,0,,0.0,0.0,0.0,,,,1,1,0,-0.497539632488042,1.0,0,0,0,0,0,
Dalton Kincaid,D.Kincaid,TE,BUF,2025,12,reg_2025,571,39,49,5,39.3884031626824,0.102296450939457,0.128666297731046,0.243511084820918,0.7959183673469388,9.489795918367347,6.641025641025641,0,0,0,,,0,0,0,0,0,
Brenton Strange,B.Strange,TE,JAX,2025,12,reg_2025,540,46,60,3,31.3647508115372,0.109689213893967,0.0848360655737705,0.22391906674259,0.7666666666666667,6.9,5.369565217391305,0,0,0,,,0,0,0,0,0,
Jalin Hyatt,J.Hyatt,WR,NYG,2025,6,reg_2025,35,5,14,0,-9.08406589558581,0.0278330019880716,0.0625978090766823,0.085567969335785,0.3571428571428571,20.0,0.4,0,0,0,,,0,0,0,0,0,
Sean Tucker,S.Tucker,RB,TB,2025,17,reg_2025,34,8,11,1,-3.16103242756799,0.0203327171903882,-0.0022202486678508,0.0289449017180867,0.7272727272727273,-0.9090909090909092,6.125,320,86,7,-3.65632613620567,3.72093023255814,0,0,0,0,0,
Dylan Drummond,D.Drummond,WR,ATL,2025,6,reg_2025,42,7,11,0,-7.06277801852514,0.0211946050096339,0.0203836930455636,0.0460604926463453,0.6363636363636364,7.727272727272727,2.0,0,0,0,,,0,0,0,0,0,
Marvin Mims Jr.,M.Mims,WR,DEN,2025,15,reg_2025,322,37,51,1,3.49523350212666,0.0873287671232877,0.10650623885918,0.205547517886358,0.7254901960784313,9.372549019607844,6.243243243243243,78,12,1,5.14469304785598,6.5,0,0,0,0,0,
Cedric Tillman,C.Tillman,WR,CLE,2025,12,reg_2025,270,21,39,2,6.52734708154964,0.0747126436781609,0.122324966974901,0.197696442399672,0.5384615384615384,11.871794871794872,2.952380952380953,0,0,0,,,0,0,0,0,0,
Jordan Addison,J.Addison,WR,MIN,2025,14,reg_2025,610,42,79,3,13.9893714809131,0.168803418803419,0.288261911099281,0.454988465974625,0.5316455696202531,13.708860759493673,3.3095238095238093,81,2,1,7.7909535416984,40.5,0,0,0,0,0,
Tucker Kraft,T.Kraft,TE,GB,2025,8,reg_2025,489,32,44,6,39.1238768305339,0.0956521739130435,0.0469297221573663,0.176329066379722,0.7272727272727273,4.568181818181818,10.75,3,1,0,-0.6811154326424,3.0,0,0,0,0,0,
Josh Downs,J.Downs,WR,IND,2025,16,reg_2025,566,58,88,4,8.65751017263293,0.166037735849057,0.150456621004566,0.354376238476781,0.6590909090909091,7.488636363636363,2.4827586206896552,-2,2,0,-1.52163009881042,-1.0,0,0,0,0,0,
Roschon Johnson,R.Johnson,RB,CHI,2025,6,reg_2025,0,0,0,0,,0.0,0.0,0.0,,,,17,2,0,1.35848521022126,8.5,0,0,0,0,0,
Tyjae Spears,T.Spears,RB,TEN,2025,13,reg_2025,264,45,50,0,-1.64446221371942,0.0943396226415094,-0.028649725959143,0.121454625790864,0.9,-2.3,8.022222222222222,283,72,2,-3.90114751543512,3.9305555555555554,0,0,0,0,0,
De'Von Achane,D.Achane,RB,MIA,2025,16,reg_2025,488,67,85,4,-10.227876861455,0.183982683982684,0.0104104699583581,0.283261354944877,0.788235294117647,0.4117647058823529,8.238805970149254,1350,238,8,14.0388519556049,5.6722689075630255,0,0,0,0,0,
Elijah Higgins,E.Higgins,TE,ARI,2025,17,reg_2025,301,30,37,0,1.42768329672981,0.059967585089141,0.0317596566523605,0.112183137290364,0.8108108108108109,4.0,6.966666666666667,0,0,0,,,0,0,0,0,0,
Payne Durham,P.Durham,TE,TB,2025,8,reg_2025,11,1,4,0,-1.19573243462946,0.0073937153419593,0.0035523978685612,0.0135772515209319,0.25,4.0,11.0,0,0,0,,,0,0,0,0,0,
Jonathan Mingo,J.Mingo,WR,DAL,2025,5,reg_2025,25,1,5,0,-4.19607780099614,0.0082372322899505,0.0191359242454133,0.0257509954067152,0.2,19.4,4.0,0,0,0,,,0,0,0,0,0,
Zay Flowers,Z.Flowers,WR,BAL,2025,17,reg_2025,1211,86,118,5,46.3842026584022,0.28992628992629,0.351841028638223,0.681178154936191,0.7288135593220338,10.203389830508474,5.325581395348837,62,10,1,2.49965554429218,6.2,0,0,0,0,0,
Sam LaPorta,S.LaPorta,TE,DET,2025,9,reg_2025,489,40,49,3,36.4278423127509,0.0890909090909091,0.0742229367631297,0.185592419370554,0.8163265306122449,5.653061224489796,6.85,0,0,0,,,0,0,0,0,0,
Michael Mayer,M.Mayer,TE,LV,2025,13,reg_2025,328,35,50,1,-9.8418382619484,0.101214574898785,0.0748129675810474,0.204190939654911,0.7,4.8,5.6,0,0,0,,,0,0,0,0,0,
Rashee Rice,R.Rice,WR,KC,2025,8,reg_2025,571,53,78,5,16.0194480610332,0.14207650273224,0.0745643061989852,0.26530976843765,0.6794871794871795,4.333333333333333,7.811320754716981,20,5,1,1.86250078538433,4.0,0,0,0,0,0,
Davis Allen,D.Allen,TE,LA,2025,15,reg_2025,208,24,33,3,5.40601049223915,0.0567986230636833,0.0235166425470333,0.101659584378448,0.7272727272727273,3.939393939393939,5.708333333333333,0,0,0,,,0,0,0,0,0,
Puka Nacua,P.Nacua,WR,LA,2025,16,reg_2025,1715,129,166,10,115.700408653012,0.285714285714286,0.28328509406657,0.626870994418028,0.7771084337349398,9.433734939759036,5.162790697674419,105,10,1,9.33105270966189,10.5,0,0,0,0,0,
Jahmyr Gibbs,J.Gibbs,RB,DET,2025,17,reg_2025,616,77,94,5,17.7504912822516,0.170909090909091,0.0144694533762058,0.26649225372698,0.8191489361702128,0.574468085106383,7.987012987012987,1223,243,13,-2.66703939107586,5.032921810699588,0,0,0,0,0,
Luke Musgrave,L.Musgrave,TE,GB,2025,13,reg_2025,252,24,31,0,10.1391695494531,0.0673913043478261,0.0621060004669624,0.144561156848613,0.7741935483870968,8.580645161290322,2.875,0,0,0,,,0,0,0,0,0,
Jayden Reed,J.Reed,WR,GB,2025,5,reg_2025,207,19,22,1,11.5495126296549,0.0478260869565217,0.04179313565258,0.100994325391589,0.8636363636363636,8.136363636363637,4.473684210526316,28,3,0,1.41139986272901,9.333333333333334,0,0,0,0,0,
Bryce Young,B.Young,QB,CAR,2025,16,reg_2025,0,0,0,0,,0.0,0.0,0.0,,,,216,54,2,4.17317515252313,4.0,3011,478,304,23,11,-21.9729164071974
C.J. Stroud,C.Stroud,QB,HOU,2025,14,reg_2025,0,0,0,0,,0.0,0.0,0.0,,,,209,48,1,15.042248274062,4.354166666666667,3041,423,273,19,8,47.6611981935781
Anthony Richardson,A.Richardson,QB,IND,2025,2,reg_2025,9,1,1,0,0.457541021518409,0.0018867924528301,0.0004566210045662,0.0031498233824416,1.0,2.0,7.0,-1,4,0,-2.42982201743871,-0.25,9,2,1,0,0,-1.21161995315924
Zach Charbonnet,Z.Charbonnet,RB,SEA,2025,16,reg_2025,144,20,24,0,0.67355003836216,0.0527472527472528,0.0106241699867198,0.086557798111583,0.8333333333333334,1.6666666666666667,6.15,730,184,12,-1.15622713846687,3.967391304347826,0,0,0,0,0,
Kendall Milton,K.Milton,RB,CIN,2025,1,reg_2025,0,0,0,0,,0.0,0.0,0.0,,,,2,2,0,0.858441067510285,1.0,0,0,0,0,0,
George Holani,G.Holani,RB,SEA,2025,10,reg_2025,15,2,2,0,-0.140541897155344,0.0043956043956044,-0.0002656042496679,0.006407483618639,1.0,-0.5,8.0,73,22,1,-9.34992969580418,3.3181818181818183,0,0,0,0,0,
Jack Westover,J.Westover,TE,NE,2025,4,reg_2025,0,1,2,0,-0.952802424319088,0.004149377593361,0.0004336513443191,0.0065276223310649,0.5,1.0,0.0,0,0,0,,,0,0,0,0,0,
Malik Nabers,M.Nabers,WR,NYG,2025,4,reg_2025,271,18,35,2,2.3088885260293,0.0695825049701789,0.124077800134138,0.191228217549165,0.5142857142857142,15.857142857142858,2.888888888888889,0,0,0,,,0,0,0,0,0,
Brock Bowers,B.Bowers,TE,LV,2025,12,reg_2025,680,64,86,7,23.3474906531907,0.174089068825911,0.174563591022444,0.383328116954577,0.7441860465116279,6.511627906976744,4.765625,2,2,0,-1.15436798543669,1.0,0,0,0,0,0,
Xavier Legette,X.Legette,WR,CAR,2025,15,reg_2025,363,35,64,3,-4.08282124271484,0.133333333333333,0.183478260869565,0.328434782608696,0.546875,9.890625,2.142857142857143,0,1,0,-0.530515918973833,0.0,0,0,0,0,0,
Luke McCaffrey,L.McCaffrey,WR,WAS,2025,9,reg_2025,203,11,15,3,9.45131037094779,0.0347222222222222,0.0545272636318159,0.0902524178756045,0.7333333333333333,14.533333333333331,6.2727272727272725,0,0,0,,,0,0,0,0,0,
Ja'Tavion Sanders,J.Sanders,TE,CAR,2025,12,reg_2025,190,29,34,1,4.41699480636157,0.0708333333333333,0.047536231884058,0.139525362318841,0.8529411764705882,4.823529411764706,2.9655172413793105,0,0,0,,,0,0,0,0,0,
Cade Stover,C.Stover,TE,HOU,2025,6,reg_2025,76,12,16,0,2.21662845194805,0.0289330922242315,0.0065057712486883,0.047953678210429,0.75,1.9375,4.333333333333333,3,4,0,-4.27851937839296,0.75,0,0,0,0,0,
Bucky Irving,B.Irving,RB,TB,2025,10,reg_2025,277,30,35,3,8.81237619422609,0.0646950092421442,-0.0124333925399645,0.0883391390852411,0.8571428571428571,-1.6,12.0,588,173,1,-35.5774122046528,3.398843930635838,0,0,0,0,0,
Isaac Guerendo,I.Guerendo,RB,SF,2025,7,reg_2025,0,0,0,0,,0.0,0.0,0.0,,,,0,0,0,,,0,0,0,0,0,
Sione Vaki,S.Vaki,RB,DET,2025,8,reg_2025,0,0,0,0,,0.0,0.0,0.0,,,,4,1,0,-0.881562775233761,4.0,0,0,0,0,0,
Audric Estimé,A.Estime,RB,NO,2025,5,reg_2025,103,12,13,0,3.772943310556,0.0230088495575221,-0.0004177982034677,0.0342208155938558,0.9230769230769232,-0.1538461538461538,9.0,198,46,1,4.68817733286414,4.304347826086956,0,0,0,0,0,
Spencer Rattler,S.Rattler,QB,NO,2025,9,reg_2025,0,1,2,0,-5.09249894681852,0.0035398230088495,0.0008355964069354,0.0058946519981291,0.5,2.0,0.0,167,31,0,8.63988026858727,5.387096774193548,1586,257,174,8,5,-21.4979480179361
Jamari Thrash,J.Thrash,WR,CLE,2025,8,reg_2025,107,10,15,0,2.35079916092218,0.028735632183908,0.0269484808454425,0.0619673848676719,0.6666666666666666,6.8,3.9,0,0,0,,,0,0,0,0,0,
Tyrone Tracy Jr.,T.Tracy,RB,NYG,2025,15,reg_2025,288,36,48,2,0.0405658570330432,0.0954274353876739,0.0042477084730605,0.146114549012653,0.75,0.3958333333333333,8.722222222222221,740,176,2,-9.78628891990221,4.204545454545454,0,0,0,0,0,
Kimani Vidal,K.Vidal,RB,LAC,2025,13,reg_2025,136,16,22,1,0.738720937386843,0.0404411764705882,-0.0030796304443466,0.0585060233948397,0.7272727272727273,-0.6363636363636364,10.625,643,155,3,-14.0890543369715,4.148387096774194,0,0,0,0,0,
Casey Washington,Cas.Washington,WR,ATL,2025,5,reg_2025,94,6,14,0,3.72887849825202,0.0269749518304432,0.0628297362110312,0.0844432430933866,0.4285714285714285,18.714285714285715,2.0,0,0,0,,,0,0,0,0,0,
Joe Milton III,J.Milton,QB,DAL,2025,4,reg_2025,0,0,0,0,,0.0,0.0,0.0,,,,50,5,0,-2.0915657740552,10.0,183,24,15,1,2,0.63703236022298
Jawhar Jordan,J.Jordan,RB,HOU,2025,4,reg_2025,34,7,7,0,0.333404585719109,0.0126582278481013,-0.0012591815320042,0.018105914699749,1.0,-0.8571428571428571,5.714285714285714,193,43,0,-8.9948347412201,4.488372093023256,0,0,0,0,0,
Dylan Laube,D.Laube,RB,LV,2025,17,reg_2025,18,3,4,0,-0.789867783081718,0.0080971659919028,-0.0018703241895261,0.0108365220551859,0.75,-1.5,8.0,9,7,0,-5.36779151280643,1.2857142857142858,0,0,0,0,0,
Ryan Flournoy,R.Flournoy,WR,DAL,2025,15,reg_2025,475,40,56,4,28.6348330703759,0.0922570016474465,0.0919313474058,0.20273744565523,0.7142857142857143,8.321428571428571,5.1,25,4,0,0.472844568779692,6.25,0,0,0,0,0,
Devaughn Vele,D.Vele,WR,NO,2025,9,reg_2025,293,25,39,2,16.8115452223138,0.0690265486725664,0.0902444119490286,0.16671091137317,0.6410256410256411,11.076923076923077,1.36,0,0,0,,,0,0,0,0,0,
Isaiah Williams,I.Williams,WR,NYJ,2025,15,reg_2025,193,26,36,0,1.18127434640055,0.076271186440678,0.0358401880141011,0.139494911270888,0.7222222222222222,3.388888888888889,4.576923076923077,34,3,0,1.58422795531806,11.333333333333334,0,1,0,0,0,-0.818771343037952
Brenden Bates,B.Bates,TE,CLE,2025,5,reg_2025,48,4,5,0,3.05230409273645,0.0090415913200723,0.0081846799580272,0.0192916629507276,0.8,7.8,2.5,0,0,0,,,0,0,0,0,0,
Hayden Rucci,H.Rucci,TE,MIA,2025,1,reg_2025,0,0,0,0,,0.0,0.0,0.0,,,,0,0,0,,,0,0,0,0,0,
Jalen Coker,J.Coker,WR,CAR,2025,11,reg_2025,394,33,43,3,21.8557562759381,0.0895833333333333,0.126086956521739,0.222635869565217,0.7674418604651163,10.116279069767442,3.090909090909091,0,0,0,,,0,0,0,0,0,
Xavier Weaver,X.Weaver,WR,ARI,2025,7,reg_2025,67,7,13,0,1.14794683235327,0.0210696920583468,0.0412017167381974,0.0604457398042585,0.5384615384615384,14.76923076923077,2.857142857142857,0,0,0,,,0,0,0,0,0,
Brevyn Spann-Ford,B.Spann-Ford,TE,DAL,2025,16,reg_2025,90,9,13,1,-0.64272227382753,0.0214168039538715,0.0211086999408167,0.046901295889379,0.6923076923076923,8.23076923076923,3.6666666666666665,0,0,0,,,0,0,0,0,0,
Kedon Slovis,K.Slovis,QB,ARI,2025,2,reg_2025,0,0,0,0,,0.0,0.0,0.0,,,,0,0,0,,,-2,2,1,0,0,-2.14663142594509
Kameron Johnson,K.Johnson,WR,TB,2025,17,reg_2025,64,4,7,1,0.521818701288465,0.0129390018484288,0.019538188277087,0.0330852345666042,0.5714285714285714,12.571428571428571,5.0,13,2,0,0.0600022809230723,6.5,0,0,0,0,0,
British Brooks,B.Brooks,RB,HOU,2025,8,reg_2025,0,0,0,0,,0.0,0.0,0.0,,,,78,17,0,2.17131045948052,4.588235294117647,0,0,0,0,0,
Mason Tipton,M.Tipton,WR,NO,2025,8,reg_2025,76,11,17,0,-7.4607468317608,0.0300884955752212,0.0311259661583455,0.0669209196736737,0.6470588235294118,8.764705882352942,3.363636363636364,18,4,0,-1.37918719847221,4.5,0,0,0,0,0,
Cam Grandy,C.Grandy,TE,CIN,2025,2,reg_2025,7,2,2,0,-0.351621002424508,0.0032894736842105,-0.0012746972594008,0.0040419224447351,1.0,-3.0,6.5,0,0,0,,,0,0,0,0,0,
David Martin-Robinson,D.Martin-Robinson,TE,TEN,2025,11,reg_2025,30,4,6,1,-0.976907126023434,0.0113207547169811,0.0057299451918286,0.0209920937097517,0.6666666666666666,3.8333333333333335,4.0,0,0,0,,,0,0,0,0,0,
Bryce Oliver,B.Oliver,WR,TEN,2025,2,reg_2025,8,1,1,0,0.517880074912682,0.0018867924528301,0.0014947683109118,0.0038765264968835,1.0,6.0,2.0,0,0,0,,,0,0,0,0,0,
Colson Yankoff,C.Yankoff,TE,WAS,2025,10,reg_2025,18,2,3,0,2.84157020784915,0.0069444444444444,0.0045022511255627,0.0135682424545606,0.6666666666666666,6.0,2.0,0,0,0,,,0,0,0,0,0,
Jeshaun Jones,J.Jones,WR,MIN,2025,1,reg_2025,0,0,0,0,,0.0,0.0,0.0,,,,0,0,0,,,0,0,0,0,0,
Bo Nix,B.Nix,QB,DEN,2025,17,reg_2025,0,0,1,0,-0.45860766939586,0.0017123287671232,0.0004456327985739,0.0028804361096867,0.0,2.0,,356,83,5,8.41374438881546,4.289156626506024,3931,612,388,25,11,63.3227576069413
Tip Reiman,T.Reiman,TE,ARI,2025,3,reg_2025,18,3,5,0,0.0066766485688276,0.0081037277147487,0.0055793991416309,0.0160611709712648,0.6,5.2,2.333333333333333,0,0,0,,,0,0,0,0,0,
Blake Corum,B.Corum,RB,LA,2025,17,reg_2025,36,8,14,0,-5.86811343306908,0.0240963855421687,0.0045224312590448,0.0393102801945844,0.5714285714285714,1.7857142857142858,4.625,746,145,6,15.9285332328,5.144827586206897,0,0,0,0,0,
Roman Wilson,R.Wilson,WR,PIT,2025,9,reg_2025,166,12,21,2,4.0691251546776,0.0402298850574713,0.0844512195121951,0.119460681244743,0.5714285714285714,13.19047619047619,5.5,0,0,0,,,0,0,0,0,0,
Will Shipley,W.Shipley,RB,PHI,2025,14,reg_2025,56,9,12,0,-5.08711248653708,0.0258620689655172,-0.0022306491188936,0.0372316490650503,0.75,-0.8333333333333334,7.0,49,14,0,-3.59949383718606,3.5,0,0,0,0,0,
Jordan Whittington,J.Whittington,WR,LA,2025,15,reg_2025,171,18,25,0,2.56362948475666,0.0430292598967298,0.0309334298118669,0.0861972907134015,0.72,6.84,4.888888888888889,12,3,0,0.23601340665482,4.0,0,0,0,0,0,
Devin Culp,D.Culp,TE,TB,2025,4,reg_2025,6,1,1,1,1.71396795928013,0.0018484288354898,0.0013321492007104,0.003705147693732,1.0,6.0,0.0,0,0,0,,,0,0,0,0,0,
Terrell Jennings,T.Jennings,RB,NE,2025,6,reg_2025,9,1,1,0,0.656292526517063,0.0020746887966805,0.0004336513443191,0.0034155891360441,1.0,2.0,7.0,73,23,1,2.39200704207178,3.1739130434782608,0,0,0,0,0,
Devontez Walker,D.Walker,WR,BAL,2025,8,reg_2025,136,6,8,3,17.9375753575587,0.0196560196560197,0.0572764465225015,0.0695775420497805,0.75,24.5,3.8333333333333335,0,0,0,,,0,0,0,0,0,
AJ Barner,A.Barner,TE,SEA,2025,17,reg_2025,519,52,68,6,27.9430311452095,0.149450549450549,0.0788844621513944,0.2793949476818,0.7647058823529411,4.367647058823529,5.211538461538462,14,10,1,7.23280352726579,1.4,0,0,0,0,0,
Braelon Allen,B.Allen,RB,NYJ,2025,4,reg_2025,17,2,3,0,-0.214526426279917,0.0063559322033898,0.0023501762632197,0.0111790216893386,0.6666666666666666,2.6666666666666665,4.5,76,18,1,-8.69959321456542,4.222222222222222,0,0,0,0,0,
Rasheen Ali,R.Ali,RB,BAL,2025,15,reg_2025,68,9,11,1,-0.779994539331144,0.027027027027027,-0.0002922267679719,0.0403359818029602,0.8181818181818182,-0.0909090909090909,9.22222222222222,24,7,0,-3.72144657041645,3.4285714285714284,0,0,0,0,0,
Isaiah Davis,I.Davis,RB,NYJ,2025,16,reg_2025,186,21,28,0,4.61495825006047,0.0593220338983051,0.0094007050528789,0.0955635443844729,0.75,1.1428571428571428,9.0,236,43,1,-3.23455874067657,5.488372093023256,0,0,0,0,0,
Anthony Gould,A.Gould,WR,IND,2025,11,reg_2025,6,2,2,0,-0.989829525526147,0.0037735849056603,-0.0004566210045662,0.0053407426552942,1.0,-1.0,4.0,0,0,0,,,0,0,0,0,0,
Jared Wiley,J.Wiley,TE,KC,2025,2,reg_2025,4,1,1,0,2.56564583489671,0.0018214936247723,-0.00088241782484,0.0021145479597704,1.0,-4.0,8.0,0,0,0,,,0,0,0,0,0,
Theo Johnson,T.Johnson,TE,NYG,2025,15,reg_2025,528,45,74,5,8.83237116280326,0.147117296222664,0.137715179968701,0.317076570312087,0.6081081081081081,8.324324324324325,4.155555555555556,0,0,0,,,0,0,0,0,0,
Marvin Harrison Jr.,M.Harrison,WR,ARI,2025,12,reg_2025,608,41,73,4,31.1147574754555,0.118314424635332,0.203004291845494,0.319574641244844,0.5616438356164384,12.95890410958904,2.902439024390244,0,0,0,,,0,0,0,0,0,
Drake Maye,D.Maye,QB,NE,2025,17,reg_2025,2,1,1,0,-1.32933220104314,0.0020746887966805,-0.0017346053772766,0.001897809430927,1.0,-8.0,10.0,450,103,4,11.2128673671761,4.368932038834951,4394,492,354,31,8,166.214541956108
Jalen McMillan,J.McMillan,WR,TB,2025,4,reg_2025,178,12,15,0,12.4897812766206,0.0277264325323475,0.0397424511545293,0.0694093646066918,0.8,11.933333333333334,4.916666666666667,1,1,0,-0.462281365238596,1.0,0,0,0,0,0,
Troy Franklin,T.Franklin,WR,DEN,2025,17,reg_2025,709,65,104,6,9.78852878393113,0.178082191780822,0.294340463458111,0.47316161209191,0.625,12.701923076923077,4.338461538461538,12,5,0,-1.72129826224409,2.4,0,0,0,0,0,
Jaylen Wright,J.Wright,RB,MIA,2025,9,reg_2025,44,5,9,0,-1.6724522572018,0.0194805194805195,-0.0101130279595479,0.0221416596490957,0.5555555555555556,-3.7777777777777777,12.0,288,70,2,-5.69901978082625,4.114285714285714,0,0,0,0,0,
Ray Davis,R.Davis,RB,BUF,2025,17,reg_2025,86,10,13,2,4.70655069213547,0.0271398747390397,0.0002767017155506,0.0409035033094449,0.7692307692307693,0.0769230769230769,9.9,275,58,0,1.3505360862473,4.741379310344827,0,0,0,0,0,
Malik Washington,M.Washington,WR,MIA,2025,17,reg_2025,317,46,65,3,-9.82585728331067,0.140692640692641,0.100237953599048,0.281205528558295,0.7076923076923077,5.184615384615385,5.5,110,17,1,0.11699448490981,6.470588235294118,0,0,0,0,0,
Tahj Washington,T.Washington,WR,MIA,2025,2,reg_2025,37,3,5,0,-5.32654956018087,0.0108225108225108,0.0368828078524688,0.0420517317304944,0.6,24.8,2.6666666666666665,0,0,0,,,0,0,0,0,0,
Adonai Mitchell,A.Mitchell,WR,NYJ,2025,16,reg_2025,453,33,74,2,-16.1100964833598,0.139622641509434,0.251598173515982,0.385552683725338,0.4459459459459459,14.891891891891891,2.4242424242424243,-4,1,0,-1.11264033283805,-4.0,0,0,0,0,0,
Brian Thomas Jr.,B.Thomas,WR,JAX,2025,14,reg_2025,707,48,91,2,17.2010317820878,0.16636197440585,0.269467213114754,0.438170010789103,0.5274725274725275,14.45054945054945,3.3125,21,3,1,2.86268166603986,7.0,0,0,0,0,0,
Xavier Worthy,X.Worthy,WR,KC,2025,14,reg_2025,532,42,73,1,14.8280123686038,0.132969034608379,0.208250606662255,0.345228976576147,0.5753424657534246,12.931506849315069,4.595238095238095,87,11,0,3.58479074464412,7.909090909090909,0,0,0,0,0,
Keon Coleman,K.Coleman,WR,BUF,2025,12,reg_2025,404,38,59,4,12.3911374161693,0.123173277661795,0.182346430547869,0.312402417876202,0.6440677966101694,11.169491525423728,2.3157894736842106,0,0,0,,,0,0,0,0,0,
Jayden Daniels,J.Daniels,QB,WAS,2025,7,reg_2025,0,0,0,0,,0.0,0.0,0.0,,,,278,58,2,1.7482305980376,4.793103448275862,1262,188,114,8,3,-4.77699602182444
Ben Sinnott,B.Sinnott,TE,WAS,2025,9,reg_2025,114,11,13,1,3.23115612688707,0.0300925925925926,0.0265132566283142,0.0636981685287088,0.8461538461538461,8.153846153846153,5.727272727272728,0,0,0,,,0,0,0,0,0,
Ladd McConkey,L.McConkey,WR,LAC,2025,16,reg_2025,789,66,106,6,7.23522750449289,0.194852941176471,0.23009238891333,0.453344084004037,0.6226415094339622,9.867924528301886,4.696969696969697,0,0,0,,,0,0,0,0,0,
Ricky Pearsall,R.Pearsall,WR,SF,2025,9,reg_2025,528,36,53,0,26.7070003818,0.0963636363636364,0.174115456238361,0.266426273912307,0.6792452830188679,14.11320754716981,2.055555555555556,-2,2,0,-1.672144478478,-1.0,0,0,0,0,0,
Michael Penix Jr.,M.Penix,QB,ATL,2025,9,reg_2025,0,0,0,0,,0.0,0.0,0.0,,,,70,21,1,7.11184001844958,3.333333333333333,1982,276,166,9,3,5.13989467485696
Caleb Williams,C.Williams,QB,CHI,2025,17,reg_2025,22,2,2,1,5.27700967562851,0.0037593984962406,-0.0006067961165048,0.0052143404628075,1.0,-1.5,12.5,388,77,3,5.39883143406452,5.038961038961039,3942,568,330,27,7,42.2173957579903
Rome Odunze,R.Odunze,WR,CHI,2025,12,reg_2025,661,44,90,6,20.8927210828104,0.169172932330827,0.253236245954693,0.431024770664525,0.4888888888888889,13.911111111111111,4.863636363636363,0,0,0,,,0,0,0,0,0,
Malachi Corley,M.Corley,WR,CLE,2025,12,reg_2025,79,11,14,0,-3.22381536581088,0.0268199233716475,-0.0018494055482166,0.0389353011737196,0.7857142857142857,-0.5,6.181818181818182,127,13,0,7.31671960774111,9.76923076923077,0,0,0,0,0,
Trey Benson,T.Benson,RB,ARI,2025,4,reg_2025,64,13,16,0,-8.07334305129021,0.0259319286871961,-0.0047210300429184,0.0355931720007512,0.8125,-1.375,5.615384615384615,160,29,0,-0.208217968573201,5.517241379310345,0,0,0,0,0,
J.J. McCarthy,J.McCarthy,QB,MIN,2025,10,reg_2025,0,0,0,0,,0.0,0.0,0.0,,,,181,37,4,6.80370662588393,4.891891891891892,1632,243,140,11,12,-54.1059147833337
Savion Williams,S.Williams,WR,GB,2025,12,reg_2025,78,10,10,1,4.62500496424036,0.0217391304347826,0.0039691804809712,0.0353871219888538,1.0,1.7,6.1,37,11,0,-6.99322012520861,3.363636363636364,0,0,0,0,0,
Phil Mafah,P.Mafah,RB,DAL,2025,1,reg_2025,11,2,2,0,-0.13909286505077,0.0032948929159802,-0.0021700532649437,0.0034233020885097,1.0,-5.5,11.0,18,5,1,1.07302760030143,3.6,0,0,0,0,0,
Darius Cooper,D.Cooper,WR,PHI,2025,6,reg_2025,92,9,11,0,3.88710941755562,0.0237068965517241,0.0243140753959402,0.0525801976047444,0.8181818181818182,9.909090909090908,2.4444444444444446,0,0,0,,,0,0,0,0,0,
Amar Johnson,A.Johnson,RB,LAC,2025,1,reg_2025,0,0,1,0,-0.741847567493096,0.0018382352941176,-0.0004399472063352,0.0024493898967418,0.0,-2.0,,8,2,0,-0.0532748040277511,4.0,0,0,0,0,0,
Nick Kallerup,N.Kallerup,TE,SEA,2025,4,reg_2025,0,0,1,0,-0.555433336994611,0.0021978021978022,0.0021248339973439,0.004784087094844,0.0,8.0,,0,0,0,,,0,0,0,0,0,
Jacardia Wright,J.Wright,RB,SEA,2025,1,reg_2025,0,0,0,0,,0.0,0.0,0.0,,,,20,5,0,0.0445862924098037,4.0,0,0,0,0,0,
LaJohntay Wester,L.Wester,WR,BAL,2025,14,reg_2025,0,0,0,0,,0.0,0.0,0.0,,,,0,0,0,,,0,0,0,0,0,
Brashard Smith,B.Smith,RB,KC,2025,17,reg_2025,172,25,35,1,-0.617003546551799,0.063752276867031,-0.0123538495477609,0.0869807206171139,0.7142857142857143,-1.6,9.28,151,44,0,-9.74416290014051,3.4318181818181817,0,0,0,0,0,
Ashton Jeanty,A.Jeanty,RB,LV,2025,17,reg_2025,346,55,73,5,-11.8767157618217,0.147773279352227,-0.0324189526184539,0.198966652195422,0.7534246575342466,-1.4246575342465753,8.218181818181819,975,266,5,-65.1810373724458,3.6654135338345855,0,0,0,0,0,
Tetairoa McMillan,T.McMillan,WR,CAR,2025,17,reg_2025,1014,70,122,7,25.2850960882129,0.254166666666667,0.408695652173913,0.667336956521739,0.5737704918032787,11.557377049180328,3.842857142857143,0,0,0,,,0,0,0,0,0,
Colston Loveland,C.Loveland,TE,CHI,2025,16,reg_2025,713,58,82,6,47.5060987164436,0.154135338345865,0.15088996763754,0.336825984865075,0.7073170731707317,9.097560975609756,4.310344827586207,-2,1,0,-0.872515333816409,-2.0,0,0,0,0,0,
Tyler Warren,T.Warren,TE,IND,2025,17,reg_2025,817,76,112,4,15.7703691964545,0.211320754716981,0.137442922374429,0.413191177737572,0.6785714285714286,5.375,6.2368421052631575,8,6,1,-4.33735474609421,1.3333333333333333,0,1,0,0,0,-0.465327389014419
Emeka Egbuka,E.Egbuka,WR,TB,2025,17,reg_2025,938,63,127,6,7.14314297718989,0.234750462107209,0.349023090586146,0.596441856571115,0.4960629921259842,12.377952755905511,5.317460317460317,9,2,0,-1.6816435545478,4.5,0,0,0,0,0,
Jayden Higgins,J.Higgins,WR,HOU,2025,17,reg_2025,525,41,68,6,16.7576827847953,0.122965641952984,0.17607555089192,0.30770134855382,0.6029411764705882,12.338235294117649,3.0,0,0,0,,,0,0,0,0,0,
Kyle Williams,K.Williams,WR,NE,2025,14,reg_2025,209,10,21,3,9.8375975379447,0.0435684647302905,0.0867302688638335,0.126063885300119,0.4761904761904761,19.047619047619047,7.9,3,2,0,-0.624384041875601,1.5,0,0,0,0,0,
Pat Bryant,P.Bryant,WR,DEN,2025,13,reg_2025,378,31,49,1,14.2312536819045,0.0839041095890411,0.0913547237076649,0.189804470978927,0.6326530612244898,8.36734693877551,4.741935483870968,0,0,0,,,0,0,0,0,0,
Jaylin Noel,J.Noel,WR,HOU,2025,17,reg_2025,292,26,35,2,14.1749713203277,0.0632911392405063,0.0686253934942288,0.14297448430672,0.7428571428571429,9.342857142857143,3.807692307692308,12,6,0,-3.05011341313366,2.0,0,0,0,0,0,
Kaleb Johnson,K.Johnson,RB,PIT,2025,10,reg_2025,9,1,2,0,0.244885928928852,0.003831417624521,-0.0024390243902439,0.0040398093636108,0.5,-4.0,14.0,69,28,0,-7.71743768820417,2.4642857142857144,0,0,0,0,0,
Tai Felton,T.Felton,WR,MIN,2025,12,reg_2025,25,3,3,0,1.38198324851692,0.0064102564102564,0.002927867979771,0.0116648922012244,1.0,3.6666666666666665,4.666666666666667,0,0,0,,,0,0,0,0,0,
Dylan Sampson,D.Sampson,RB,CLE,2025,15,reg_2025,271,33,40,2,6.89931365984376,0.0766283524904215,-0.0163804491413474,0.103476214336689,0.825,-1.55,9.636363636363637,175,65,0,-16.8226471940605,2.6923076923076925,0,0,0,0,0,
Jaylin Lane,J.Lane,WR,WAS,2025,15,reg_2025,225,16,32,0,-5.65168783566719,0.0740740740740741,0.10680340170085,0.185873492301706,0.5,13.34375,2.4375,7,1,0,0.261028992012143,7.0,0,0,0,0,0,
Elic Ayomanor,E.Ayomanor,WR,TEN,2025,16,reg_2025,515,41,89,4,-9.59570349645603,0.167924528301887,0.280518186347783,0.448249522896278,0.4606741573033708,12.651685393258427,2.804878048780488,0,0,0,,,0,0,0,0,0,
Jordan Watkins,J.Watkins,WR,SF,2025,2,reg_2025,26,2,3,0,0.992239713377785,0.0054545454545454,0.0100093109869646,0.0151883358726934,0.6666666666666666,14.333333333333334,0.5,0,0,0,,,0,0,0,0,0,
DJ Giddens,D.Giddens,RB,IND,2025,5,reg_2025,0,0,2,0,-1.65773248531269,0.0037735849056603,-0.0013698630136986,0.0047014732489015,0.0,-3.0,,96,26,0,0.020433476078324,3.692307692307693,0,0,0,0,0,
KeAndre Lambert-Smith,K.Lambert-Smith,WR,LAC,2025,10,reg_2025,51,5,12,1,-4.91588680870729,0.0220588235294118,0.0464144302683678,0.0655783364819751,0.4166666666666667,17.583333333333332,4.2,0,0,0,,,0,0,0,0,0,
Mitchell Evans,M.Evans,TE,CAR,2025,14,reg_2025,171,19,25,2,3.1915485067002,0.0520833333333333,0.0263768115942029,0.096588768115942,0.76,3.64,5.684210526315789,1,1,0,1.78429224726278,1.0,0,0,0,0,0,
Oronde Gadsden II,O.Gadsden,TE,LAC,2025,15,reg_2025,664,49,69,3,16.5150553240987,0.126838235294118,0.137263528376595,0.286341822804793,0.7101449275362319,9.043478260869565,4.510204081632653,0,0,0,,,0,0,0,0,0,
Jackson Hawes,J.Hawes,TE,BUF,2025,13,reg_2025,187,16,19,3,14.8332592858933,0.0396659707724426,0.0384615384615385,0.0864220330817408,0.8421052631578947,7.315789473684211,5.6875,0,0,0,,,0,0,0,0,0,
Ollie Gordon II,O.Gordon,RB,MIA,2025,17,reg_2025,32,7,9,1,-3.44637874682667,0.0194805194805195,-0.0074360499702558,0.0240155442416002,0.7777777777777778,-2.7777777777777777,8.142857142857142,199,70,3,-9.57118379965144,2.842857142857143,0,0,0,0,0,
Devin Neal,D.Neal,RB,NO,2025,9,reg_2025,104,17,19,0,-2.227445090147,0.0336283185840708,-0.0079381658658867,0.0448857617699855,0.8947368421052632,-2.0,8.117647058823529,206,57,2,-7.86839116379269,3.6140350877192975,0,0,0,0,0,
Kalel Mullings,K.Mullings,RB,TEN,2025,4,reg_2025,0,0,0,0,,0.0,0.0,0.0,,,,7,3,0,-0.538102849153802,2.333333333333333,0,0,0,0,0,
Riley Leonard,R.Leonard,QB,IND,2025,5,reg_2025,-3,0,0,0,,0.0,0.0,0.0,,,,27,6,2,5.26007655958529,4.5,415,67,39,2,3,-8.22614850232665
Tahj Brooks,T.Brooks,RB,CIN,2025,12,reg_2025,9,1,2,0,-8.03023877833039,0.0032894736842105,-0.0010622477161674,0.0041906371249986,0.5,-2.5,11.0,45,16,0,-4.07118286378682,2.8125,0,0,0,0,0,
Jimmy Horn Jr.,Ji.Horn,WR,CAR,2025,10,reg_2025,108,11,15,0,3.45858969187349,0.03125,0.0260869565217391,0.0651358695652174,0.7333333333333333,6.0,6.454545454545454,69,8,0,4.34511308750371,8.625,0,0,0,0,0,
Thomas Fidone II,T.Fidone,TE,NYG,2025,1,reg_2025,0,0,0,0,,0.0,0.0,0.0,,,,0,0,0,,,0,0,0,0,0,
Quinn Ewers,Q.Ewers,QB,MIA,2025,4,reg_2025,-6,1,1,0,-1.50185501476517,0.0021645021645021,-0.0017846519928613,0.0019974968517502,1.0,-6.0,0.0,19,8,0,-4.67651185218711,2.375,622,83,55,3,3,-2.25152220038008
Kyle Monangai,K.Monangai,RB,CHI,2025,17,reg_2025,164,18,30,0,-7.2669879461891,0.056390977443609,0.0004045307443365,0.0848696376864491,0.6,0.0666666666666666,9.0,783,169,5,3.67148123559332,4.633136094674557,0,0,0,0,0,
Tez Johnson,T.Johnson,WR,TB,2025,15,reg_2025,322,28,44,5,16.3423941852502,0.0813308687615527,0.114564831261101,0.2021916850251,0.6363636363636364,11.727272727272728,3.928571428571429,22,7,0,-1.25327661022311,3.142857142857143,0,0,0,0,0,
LeQuint Allen Jr.,L.Allen,RB,JAX,2025,16,reg_2025,54,10,11,0,-3.86079954135768,0.020109689213894,-0.0030737704918032,0.0280128944765787,0.9090909090909092,-1.3636363636363635,6.1,94,23,0,-3.23431171878474,4.086956521739131,0,0,0,0,0,
Dominic Lovett,D.Lovett,WR,DET,2025,2,reg_2025,0,0,0,0,,0.0,0.0,0.0,,,,0,0,0,,,0,0,0,0,0,
Jacory Croskey-Merritt,J.Croskey-Merritt,RB,WAS,2025,17,reg_2025,68,9,13,0,1.0342133147642,0.0300925925925926,-0.004752376188094,0.0418122255572231,0.6923076923076923,-1.4615384615384617,8.555555555555555,805,175,8,-6.5307797417189,4.6,0,0,0,0,0,
Moliki Matavao,M.Matavao,TE,NO,2025,1,reg_2025,10,2,2,0,0.186369166476652,0.0035398230088495,0.0010444955086693,0.0060408813693428,1.0,2.5,2.5,0,0,0,,,0,0,0,0,0,
Gage Larvadain,G.Larvadain,WR,CLE,2025,13,reg_2025,71,7,14,0,-4.78151453715679,0.0268199233716475,0.0330250990752972,0.0633474544101793,0.5,8.928571428571429,4.0,3,1,0,-0.811425938503817,3.0,0,0,0,0,0,
Jahdae Walker,J.Walker,WR,CHI,2025,6,reg_2025,87,6,10,2,6.85354032035684,0.018796992481203,0.026294498381877,0.0466016375891184,0.6,13.0,1.3333333333333333,0,0,0,,,0,0,0,0,0,
Theo Wease Jr.,T.Wease,WR,MIA,2025,3,reg_2025,139,6,10,1,2.13715826295083,0.0216450216450216,0.0407495538370018,0.0609922201534337,0.6,13.7,10.5,0,0,0,,,0,0,0,0,0,
Jacoby Jones,Ja.Jones,WR,WAS,2025,1,reg_2025,25,1,1,0,1.56264380965149,0.0023148148148148,0.0007503751875937,0.0039974848535378,1.0,3.0,22.0,0,0,0,,,0,0,0,0,0,
Coleman Owen,C.Owen,WR,IND,2025,2,reg_2025,0,0,1,0,-3.25976615422405,0.0018867924528301,0.0004566210045662,0.0031498233824416,0.0,2.0,,0,0,0,,,0,0,0,0,0,
Keleki Latu,K.Latu,TE,BUF,2025,3,reg_2025,35,4,4,0,5.3192515547853,0.0083507306889352,0.0033204205866076,0.0148503904440283,1.0,3.0,5.75,0,0,0,,,0,0,0,0,0,
Jakobie Keeney-James,J.Keeney-James,WR,GB,2025,1,reg_2025,15,2,2,0,-0.0504541203845292,0.0043478260869565,0.0035022180714452,0.0089732917804464,1.0,7.5,0.0,0,0,0,,,0,0,0,0,0,
Brady Cook,B.Cook,QB,NYJ,2025,5,reg_2025,0,0,0,0,,0.0,0.0,0.0,,,,49,13,0,-4.2883396979887,3.769230769230769,739,153,88,2,7,-68.3438606620258
Quentin Skinner,Q.Skinner,WR,NYJ,2025,1,reg_2025,10,1,1,0,2.31228549014498,0.0021186440677966,0.0011750881316098,0.0040005277938218,1.0,4.0,6.0,0,0,0,,,0,0,0,0,0,
Josh Williams,J.Williams,RB,TB,2025,2,reg_2025,0,0,0,0,,0.0,0.0,0.0,,,,11,4,0,-1.85601366788615,2.75,0,0,0,0,0,
Dalen Cambre,D.Cambre,WR,NYG,2025,3,reg_2025,0,0,0,0,,0.0,0.0,0.0,,,,0,0,0,,,0,0,0,0,0,
Beaux Collins,B.Collins,WR,NYG,2025,4,reg_2025,25,2,6,0,-5.74455542647047,0.0119284294234592,0.0163201430807065,0.0293167442916834,0.3333333333333333,12.166666666666666,3.0,0,0,0,,,0,0,0,0,0,
Raheim Sanders,R.Sanders,RB,CLE,2025,4,reg_2025,21,3,4,0,1.19020745973103,0.0076628352490421,0.0036988110964332,0.0140834206410665,0.75,3.5,4.666666666666667,92,27,1,0.90084898902569,3.4074074074074074,0,0,0,0,0,
Ulysses Bentley IV,U.Bentley,RB,IND,2025,1,reg_2025,0,0,0,0,,0.0,0.0,0.0,,,,0,1,0,-0.795169524395127,0.0,0,0,0,0,0,
Carter Runyon,C.Runyon,TE,LV,2025,3,reg_2025,3,1,1,0,-0.223862133920193,0.0020242914979757,-0.000935162094763,0.0023818237806294,1.0,-3.0,6.0,0,0,0,,,0,0,0,0,0,
Max Brosmer,M.Brosmer,QB,MIN,2025,7,reg_2025,0,0,0,0,,0.0,0.0,0.0,,,,11,7,0,-0.12323843681952,1.5714285714285714,328,71,47,0,4,-56.5242600064143
Myles Price,M.Price,WR,MIN,2025,16,reg_2025,0,0,0,0,,0.0,0.0,0.0,,,,0,0,0,,,0,0,0,0,0,
Ben Yurosek,B.Yurosek,TE,MIN,2025,6,reg_2025,14,2,3,0,0.347642158623785,0.0064102564102564,0.002927867979771,0.0116648922012244,0.6666666666666666,3.6666666666666665,4.5,0,0,0,,,0,0,0,0,0,
Xavier Restrepo,X.Restrepo,WR,TEN,2025,2,reg_2025,41,3,7,0,3.04522367331083,0.0132075471698113,0.0191828599900349,0.0332393227477414,0.4285714285714285,11.0,3.0,0,0,0,,,0,0,0,0,0,
Ke'Shawn Williams,K.Williams,WR,CIN,2025,11,reg_2025,5,1,1,0,0.0076984986662864,0.0019157088122605,0.0015243902439024,0.0039406363891225,1.0,5.0,0.0,10,2,0,-0.557858528511133,5.0,0,0,0,0,0,
Nate Carter,N.Carter,RB,ATL,2025,2,reg_2025,0,0,0,0,,0.0,0.0,0.0,,,,60,9,0,-1.63295686175115,6.666666666666667,0,0,0,0,0,
Corey Kiner,C.Kiner,RB,ARI,2025,4,reg_2025,15,2,3,0,-0.432396011834499,0.0048622366288492,0.0023605150214592,0.0089457154582953,0.6666666666666666,3.6666666666666665,3.0,58,12,0,1.88786310568685,4.833333333333333,0,0,0,0,0,
Efton Chism III,E.Chism,WR,NE,2025,8,reg_2025,75,3,3,1,6.78007010172587,0.0062240663900414,0.0075888985255854,0.014648328552972,1.0,11.666666666666666,13.333333333333334,0,0,0,,,0,0,0,0,0,
Dont'e Thornton Jr.,D.Thornton,WR,LV,2025,11,reg_2025,135,10,30,0,-12.0383277141266,0.0607287449392713,0.154925187032419,0.1995407483316,0.3333333333333333,16.566666666666666,3.8,0,0,0,,,0,0,0,0,0,
Arian Smith,A.Smith,WR,NYJ,2025,13,reg_2025,52,7,16,0,-6.32942067383556,0.0338983050847458,0.063454759106933,0.0952657890019718,0.4375,13.5,4.714285714285714,13,4,0,0.0988803035579622,3.25,0,0,0,0,0,
Woody Marks,W.Marks,RB,HOU,2025,16,reg_2025,208,24,36,3,7.22964539200698,0.0650994575045208,0.0161594963273872,0.108960833685952,0.6666666666666666,2.138888888888889,9.291666666666666,703,196,2,-29.1784424367555,3.586734693877551,0,0,0,0,0,
Gunnar Helm,G.Helm,TE,TEN,2025,16,reg_2025,357,44,55,2,3.83447882574768,0.10377358490566,0.0754857997010463,0.208500437149223,0.8,5.509090909090909,3.613636363636364,0,0,0,,,0,0,0,0,0,
Jaydon Blue,J.Blue,RB,DAL,2025,5,reg_2025,5,1,1,0,-0.119361729361117,0.0016474464579901,-0.0009863878477017,0.0017806981935939,1.0,-5.0,10.0,129,38,1,-7.48763545637485,3.3947368421052637,0,0,0,0,0,
Konata Mumpfield,K.Mumpfield,WR,LA,2025,10,reg_2025,92,10,23,1,-8.76410686524536,0.0395869191049914,0.0535455861070912,0.0968622889324509,0.4347826086956521,12.869565217391305,2.5,0,0,0,,,0,0,0,0,0,
Drake Dabney,D.Dabney,TE,GB,2025,1,reg_2025,3,1,2,0,-0.841750696999952,0.0043478260869565,0.0023348120476301,0.0081561075637759,0.5,5.0,0.0,0,0,0,,,0,0,0,0,0,
Dalevon Campbell,D.Campbell,WR,CAR,2025,1,reg_2025,0,0,0,0,,0.0,0.0,0.0,,,,0,0,0,,,0,0,0,0,0,
Trevor Etienne,T.Etienne,RB,CAR,2025,17,reg_2025,13,3,3,0,-0.581759611261077,0.00625,0.0005797101449275,0.0097807971014492,1.0,0.6666666666666666,3.6666666666666665,94,20,0,-1.57030377804767,4.7,0,0,0,0,0,
Jalen Royals,J.Royals,WR,KC,2025,2,reg_2025,4,2,3,0,-1.62522926169913,0.0054644808743169,0.0048532980366203,0.0115940299371096,0.6666666666666666,7.333333333333333,2.0,0,0,0,,,0,0,0,0,0,
Tory Horton,T.Horton,WR,SEA,2025,8,reg_2025,161,13,22,5,10.2457756163878,0.0483516483516484,0.0895086321381142,0.135183515024153,0.5909090909090909,15.318181818181818,2.5384615384615383,0,0,0,,,0,0,0,0,0,
Robbie Ouzts,R.Ouzts,RB,SEA,2025,4,reg_2025,0,0,0,0,,0.0,0.0,0.0,,,,0,0,0,,,0,0,0,0,0,
Harold Fannin Jr.,H.Fannin,TE,CLE,2025,16,reg_2025,731,72,107,6,1.40015056461898,0.204980842911877,0.170673712021136,0.426942862782611,0.6728971962616822,6.037383177570093,4.888888888888889,13,7,1,-1.77085690747481,1.8571428571428568,0,0,0,0,0,
Omarion Hampton,O.Hampton,RB,LAC,2025,9,reg_2025,192,32,35,1,-0.591452283493709,0.0643382352941176,-0.0118785745710515,0.0881923507414404,0.9142857142857144,-1.542857142857143,7.65625,545,124,4,-0.775738923468713,4.395161290322581,0,0,0,0,0,
Matthew Golden,M.Golden,WR,GB,2025,14,reg_2025,361,29,44,0,16.798845552615,0.0956521739130435,0.128881625029185,0.233695398389995,0.6590909090909091,12.545454545454543,3.4827586206896552,49,10,0,1.6796603409457,4.9,0,0,0,0,0,
Shedeur Sanders,S.Sanders,QB,CLE,2025,8,reg_2025,0,0,0,0,,0.0,0.0,0.0,,,,169,21,1,9.78334558721702,8.047619047619047,1400,212,120,7,10,-59.3000744447282
Isaac TeSlaa,I.TeSlaa,WR,DET,2025,14,reg_2025,239,16,27,6,17.8311329407702,0.0490909090909091,0.0943193997856377,0.13965994348631,0.5925925925925926,13.037037037037036,3.4375,0,0,0,,,0,0,0,0,0,
Jalen Milroe,J.Milroe,QB,SEA,2025,3,reg_2025,0,0,0,0,,0.0,0.0,0.0,,,,4,3,0,-6.44113840954378,1.3333333333333333,0,0,0,0,0,
Cam Ward,C.Ward,QB,TEN,2025,17,reg_2025,0,0,0,0,,0.0,0.0,0.0,,,,159,39,2,8.49429983037982,4.076923076923077,3169,540,323,15,7,-109.093751088605
Jaxson Dart,J.Dart,QB,NYG,2025,14,reg_2025,0,0,0,0,,0.0,0.0,0.0,,,,487,86,9,38.1240470729286,5.662790697674419,2272,339,216,15,5,3.41943225378957
Dillon Gabriel,D.Gabriel,QB,CLE,2025,10,reg_2025,0,0,0,0,,0.0,0.0,0.0,,,,86,14,0,0.428002541244496,6.142857142857143,937,185,110,7,2,-44.8978418359568
Chimere Dike,C.Dike,WR,TEN,2025,17,reg_2025,423,48,74,4,1.56623321907596,0.139622641509434,0.149227703039362,0.313893354391705,0.6486486486486487,8.094594594594595,4.583333333333333,18,11,0,-4.23465750849573,1.6363636363636365,0,0,0,0,0,
Cam Skattebo,C.Skattebo,RB,NYG,2025,8,reg_2025,207,24,32,2,3.35835579392733,0.0636182902584493,-0.0011178180192264,0.0946449627742154,0.75,-0.15625,8.708333333333334,410,101,5,-12.0968266515383,4.05940594059406,0,0,0,0,0,
Bhayshul Tuten,B.Tuten,RB,JAX,2025,15,reg_2025,79,10,14,2,5.49541598546784,0.0255941499085923,0.001639344262295,0.039538765846495,0.7142857142857143,0.5714285714285714,8.0,307,83,5,-10.1883283992512,3.6987951807228914,0,0,0,0,0,
Tre Harris,T.Harris,WR,LAC,2025,16,reg_2025,324,30,43,1,15.3272822430976,0.0790441176470588,0.0875494940607127,0.179850822313087,0.6976744186046512,9.255813953488373,4.633333333333334,10,2,0,-0.0119711994775571,5.0,0,0,0,0,0,
Jack Bech,J.Bech,WR,LV,2025,14,reg_2025,224,20,29,0,-2.03056111650892,0.0587044534412955,0.0748129675810474,0.140425757468676,0.6896551724137931,8.275862068965518,3.4,0,0,0,,,0,0,0,0,0,
RJ Harvey,R.Harvey,RB,DEN,2025,17,reg_2025,356,47,58,5,19.0754922677931,0.0993150684931507,0.0062388591800356,0.153339804165751,0.8103448275862069,0.4827586206896552,7.659574468085107,540,146,7,-22.8871650309315,3.6986301369863015,0,1,0,0,0,-0.45860766939586
TreVeyon Henderson,T.Henderson,RB,NE,2025,17,reg_2025,221,35,42,1,2.67896822448924,0.0871369294605809,-0.0002168256721595,0.13055361622036,0.8333333333333334,-0.0238095238095238,6.971428571428572,911,180,9,8.43433479718594,5.061111111111111,0,0,0,0,0,
Luther Burden III,L.Burden,WR,CHI,2025,15,reg_2025,652,47,60,2,30.0706440804352,0.112781954887218,0.093042071197411,0.234302382169015,0.7833333333333333,7.666666666666667,7.1063829787234045,37,6,0,2.28749933495419,6.166666666666667,0,0,0,0,0,
Mason Taylor,M.Taylor,TE,NYJ,2025,13,reg_2025,369,44,65,1,9.6960507314217,0.13771186440678,0.110164512338425,0.283682955247067,0.676923076923077,5.769230769230769,3.022727272727273,0,0,0,,,0,0,0,0,0,
Terrance Ferguson,T.Ferguson,TE,LA,2025,11,reg_2025,231,11,25,3,7.38681270902983,0.0430292598967298,0.0842981186685962,0.123552572913112,0.44,18.64,3.636363636363636,0,1,0,-1.54939064750215,0.0,0,0,0,0,0,
Elijah Arroyo,E.Arroyo,TE,SEA,2025,13,reg_2025,179,15,26,1,-16.2389062890375,0.0571428571428571,0.0584329349269588,0.126617340163157,0.5769230769230769,8.461538461538462,5.2,0,0,0,,,0,0,0,0,0,
Tyler Shough,T.Shough,QB,NO,2025,11,reg_2025,0,0,0,0,,0.0,0.0,0.0,,,,186,45,3,1.02317729410436,4.133333333333334,2384,327,221,10,6,2.05993894432119
Isaiah Bond,I.Bond,WR,CLE,2025,15,reg_2025,338,18,44,0,-0.804505541975063,0.0842911877394636,0.198414795244386,0.265327138280265,0.4090909090909091,17.068181818181817,4.388888888888889,29,5,0,0.879171718261205,5.8,0,0,0,0,0,
Quinshon Judkins,Q.Judkins,RB,CLE,2025,14,reg_2025,171,26,36,0,-7.29197703843238,0.0689655172413793,-0.0039630118890356,0.100674167539744,0.7222222222222222,-0.4166666666666667,7.461538461538462,827,230,7,-25.1028709285018,3.595652173913044,0,0,0,0,0,-0.947
Travis Hunter,T.Hunter,WR,JAX,2025,7,reg_2025,298,28,45,1,-2.30709011504413,0.0822669104204753,0.0725409836065574,0.174179054155303,0.6222222222222222,7.866666666666666,5.0,0,1,0,-0.661191540188156,0.0,0,0,0,0,0,
Robert Woods,R.Woods,WR,HOU,2025,14,reg_2024_baseline,203,20,30,0,0.984630996966449,0.0548446069469835,0.0610358908231249,0.124992033996663,0.6666666666666666,,,0,0,0,,,0,0,0,0,0,
Cordarrelle Patterson,C.Patterson,RB,PIT,2025,13,reg_2024_baseline,80,12,14,1,-4.43369291491387,0.0304347826086957,0.0106436898124683,0.0531027567817713,0.8571428571428571,,,135,32,0,-7.84534724344177,4.21875,0,0,0,0,0,
Odell Beckham Jr.,O.Beckham,WR,MIA,2025,8,reg_2024_baseline,55,9,18,0,-10.4392260481334,0.0316901408450704,0.0366478038264619,0.0731886739461289,0.5,,,0,0,0,,,0,0,0,0,0,
Derek Carr,D.Carr,QB,NO,2025,10,reg_2024_baseline,0,0,0,0,,0.0,0.0,0.0,,,,71,17,1,-1.09444993169745,4.176470588235294,2145,279,189,15,5,47.569375113159
Jordan Matthews,J.Matthews,TE,CAR,2025,2,reg_2024_baseline,0,0,1,0,-0.581935274414718,0.0019305019305019,0.003584229390681,0.0054047134692296,0.0,,,0,0,0,,,0,0,0,0,0,
Allen Robinson,A.Robinson,WR,DET,2025,6,reg_2024_baseline,30,3,7,0,1.33749401090005,0.0134099616858238,0.0146257527960998,0.0303529694860055,0.4285714285714285,,,0,0,0,,,0,0,0,0,0,
Amari Cooper,A.Cooper,WR,BUF,2025,13,reg_2024_baseline,547,44,85,4,6.90682308457316,0.134069400630915,0.22548067585939,0.358940574047945,0.5176470588235295,,,0,0,0,,,0,0,0,0,0,
Nelson Agholor,N.Agholor,WR,BAL,2025,13,reg_2024_baseline,231,14,29,2,7.09026324288536,0.0634573304157549,0.092984142239308,0.160274895191148,0.4827586206896552,,,0,0,0,,,0,0,0,0,0,
MyCole Pruitt,M.Pruitt,TE,PIT,2025,7,reg_2024_baseline,40,6,10,1,-8.00059991175834,0.0217391304347826,0.0083628991383679,0.0384627250490315,0.6,,,0,0,0,,,0,0,0,0,0,
Michael Burton,M.Burton,RB,DEN,2025,12,reg_2024_baseline,65,10,10,1,4.4116564282449,0.0182149362477231,0.0058111380145278,0.0313902009817542,1.0,,,8,7,1,-1.04447184063611,1.1428571428571428,0,0,0,0,0,
Eric Tomlinson,E.Tomlinson,TE,LAC,2025,5,reg_2024_baseline,9,2,4,0,-1.82713368651678,0.0081466395112016,0.0018336007334402,0.0135034797802106,0.5,,,0,0,0,,,0,0,0,0,0,
Taylor Heinicke,T.Heinicke,QB,LAC,2025,4,reg_2024_baseline,0,0,0,0,,0.0,0.0,0.0,,,,20,2,0,0.448356817476451,10.0,28,5,3,0,0,-5.95559958711965
Jamison Crowder,J.Crowder,WR,WAS,2025,5,reg_2024_baseline,72,9,13,2,2.07360224919997,0.0257936507936508,0.0270541082164329,0.0576283519419792,0.6923076923076923,,,0,0,0,,,0,0,0,0,0,
Chris Conley,C.Conley,WR,SF,2025,9,reg_2024_baseline,76,6,12,0,-1.89391662296839,0.0233918128654971,0.0457155477031802,0.0670886026904718,0.5,,,0,0,0,,,0,0,0,0,0,
C.J. Uzomah,C.Uzomah,TE,PHI,2025,2,reg_2024_baseline,0,0,0,0,,0.0,0.0,0.0,,,,0,0,0,,,0,0,0,0,0,
Geoff Swaim,G.Swaim,TE,CLE,2025,3,reg_2024_baseline,7,1,1,0,0.31169758993201,0.001577287066246,0.0003884249368809,0.0026378280551857,1.0,,,0,0,0,,,0,0,0,0,0,
Nick Vannett,N.Vannett,TE,TEN,2025,12,reg_2024_baseline,135,17,20,3,1.82645694207167,0.0394477317554241,0.0051461988304093,0.0627739368144226,0.85,,,0,0,0,,,0,0,0,0,0,
Alex Erickson,A.Erickson,WR,NE,2025,3,reg_2024_baseline,0,0,0,0,,0.0,0.0,0.0,,,,0,0,0,,,0,0,0,0,0,
Tyler Boyd,T.Boyd,WR,TEN,2025,15,reg_2024_baseline,390,39,57,0,2.87887368983872,0.112426035502959,0.0982456140350877,0.237410983078999,0.6842105263157895,,,3,1,0,0.874165728571825,3.0,0,1,0,0,0,-0.434416036820039
Ezekiel Elliott,E.Elliott,RB,DAL,2025,15,reg_2024_baseline,69,12,15,0,-0.817253085296165,0.0241157556270096,-0.0057618437900128,0.0321403427875055,0.8,,,226,74,3,-16.1425326355093,3.054054054054054,0,0,0,0,0,
Zach Pascal,Z.Pascal,WR,ARI,2025,3,reg_2024_baseline,0,0,0,0,,0.0,0.0,0.0,,,,0,0,0,,,0,0,0,0,0,
Trent Taylor,T.Taylor,WR,SF,2025,2,reg_2024_baseline,11,1,1,0,0.504246017197147,0.0019493177387914,0.0019876325088339,0.0043153193643708,1.0,,,0,0,0,,,0,0,0,0,0,
John Ross,J.Ross,WR,PHI,2025,1,reg_2024_baseline,6,1,2,0,0.0889839306473732,0.0047846889952153,0.0134941142693081,0.0166229134813386,0.5,,,0,0,0,,,0,0,0,0,0,
Mike Williams,M.Williams,WR,PIT,2025,14,reg_2024_baseline,298,21,34,1,14.5353546658068,0.0577249575551783,0.125514901865762,0.174447867638801,0.6176470588235294,,,0,0,0,,,0,0,0,0,0,
Deshaun Watson,D.Watson,QB,CLE,2025,7,reg_2024_baseline,0,0,0,0,,0.0,0.0,0.0,,,,148,31,1,-1.84504060617721,4.774193548387097,1148,216,137,5,3,-61.5412760071117
Dalvin Cook,D.Cook,RB,DAL,2025,2,reg_2024_baseline,10,1,1,0,1.25232992274687,0.0016077170418006,0.0006402048655569,0.0028597189685908,1.0,,,20,8,0,-2.66215546766762,2.5,0,0,0,0,0,
Gerald Everett,G.Everett,TE,CHI,2025,10,reg_2024_baseline,36,8,13,0,-1.47307917772559,0.0247148288973384,0.0077194530216144,0.0424758604611377,0.6153846153846154,,,0,0,0,,,0,0,0,0,0,
Joe Mixon,J.Mixon,RB,HOU,2025,14,reg_2024_baseline,309,36,52,1,3.02448383917376,0.0950639853747715,-0.0058027079303675,0.1385340825109,0.6923076923076923,,,1016,245,11,-15.1157628042949,4.146938775510204,0,1,0,0,0,-0.726145962660667
D'Onta Foreman,D.Foreman,RB,CLE,2025,10,reg_2024_baseline,54,6,8,0,0.839785054675303,0.0126182965299685,0.0001942124684404,0.019063393522861,0.75,,,232,71,0,-24.1594711056096,3.267605633802817,0,0,0,0,0,
Jamaal Williams,Ja.Williams,RB,NO,2025,14,reg_2024_baseline,57,9,11,0,-0.272160402189942,0.0212765957446809,-0.0031602708803611,0.0297027040007685,0.8181818181818182,,,164,48,1,-9.67190718204231,3.4166666666666665,0,0,0,0,0,
Jeff Wilson,J.Wilson,RB,MIA,2025,7,reg_2024_baseline,19,3,3,0,0.541619452880696,0.005281690140845,0.0,0.0079225352112676,1.0,,,57,16,0,-4.62643494537559,3.5625,0,0,0,0,0,
Tim Boyle,T.Boyle,QB,NYG,2025,3,reg_2024_baseline,0,0,0,0,,0.0,0.0,0.0,,,,9,3,0,0.649375770881306,3.0,276,50,27,1,1,-14.4879114205251
Gus Edwards,G.Edwards,RB,LAC,2025,11,reg_2024_baseline,6,3,5,0,-3.10106393648312,0.010183299389002,-0.0034380013752005,0.0128683481208627,0.6,,,365,101,4,-14.0711244798961,3.613861386138614,0,0,0,0,0,
Mike Boone,M.Boone,RB,CAR,2025,5,reg_2024_baseline,-2,1,3,0,-3.89994317345554,0.0057915057915057,-0.0031362007168458,0.0064919181854665,0.3333333333333333,,,51,13,0,-0.974716876691673,3.923076923076923,0,0,0,0,0,
Anthony Miller,A.Miller,WR,BAL,2025,1,reg_2024_baseline,16,1,1,0,2.18093416257761,0.0021881838074398,0.0036040365209034,0.0058051012757921,1.0,,,0,0,0,,,0,0,0,0,0,
Jordan Akins,J.Akins,TE,CLE,2025,16,reg_2024_baseline,390,40,58,2,10.9935598225873,0.0914826498422713,0.0677801514857254,0.184670080803415,0.6896551724137931,,,0,0,0,,,0,0,0,0,0,
Mike White,M.White,QB,BUF,2025,1,reg_2024_baseline,0,0,0,0,,0.0,0.0,0.0,,,,0,0,0,,,28,11,3,0,0,-7.15286629885668
Brandon Powell,B.Powell,WR,MIN,2025,16,reg_2024_baseline,71,7,10,0,5.09451138135046,0.0193423597678917,0.0220540540540541,0.0444513774896754,0.7,,,0,0,0,,,0,0,0,0,0,
DJ Chark,D.Chark,WR,LAC,2025,4,reg_2024_baseline,31,4,10,1,-4.06241325882729,0.0203665987780041,0.0263580105432042,0.0490005055472491,0.4,,,0,0,0,,,0,0,0,0,0,
John Kelly,J.Kelly,RB,BAL,2025,1,reg_2024_baseline,0,0,0,0,,0.0,0.0,0.0,,,,0,0,0,,,0,0,0,0,0,
Hayden Hurst,H.Hurst,TE,LAC,2025,7,reg_2024_baseline,73,8,13,0,-4.84155694558285,0.0264765784114053,0.0142104056841623,0.0496621515960215,0.6153846153846154,,,0,0,0,,,0,0,0,0,0,
Alexander Mattison,A.Mattison,RB,LV,2025,14,reg_2024_baseline,294,36,48,1,-6.27723881433321,0.0810810810810811,-0.0008978675645342,0.120993114326448,0.75,,,420,132,4,-30.7859976790078,3.1818181818181817,0,0,0,0,0,
Khari Blasingame,K.Blasingame,RB,CHI,2025,2,reg_2024_baseline,0,0,0,0,,0.0,0.0,0.0,,,,0,0,0,,,0,0,0,0,0,
Cody Thompson,C.Thompson,WR,TB,2025,1,reg_2024_baseline,0,0,0,0,,0.0,0.0,0.0,,,,0,0,0,,,0,0,0,0,0,
Deonte Harty,D.Harty,WR,BAL,2025,5,reg_2024_baseline,0,0,0,0,,0.0,0.0,0.0,,,,0,0,0,,,0,0,0,0,0,
Diontae Johnson,Di.Johnson,WR,HOU,2025,11,reg_2024_baseline,375,33,67,3,-17.9822035165581,0.129343629343629,0.163754480286738,0.308643580216161,0.4925373134328358,,,6,2,0,2.03888299223036,3.0,0,0,0,0,0,
Trenton Irwin,T.Irwin,WR,CIN,2025,6,reg_2024_baseline,15,3,10,0,-6.57105825309387,0.0159235668789809,0.0134373645426961,0.0332915054983586,0.3,,,0,0,0,,,0,0,0,0,0,
Joseph Fortson,J.Fortson,TE,KC,2025,3,reg_2024_baseline,5,1,3,0,-5.66721887071617,0.0052447552447552,0.001050972149238,0.0086028133715995,0.3333333333333333,,,0,0,0,,,0,0,0,0,0,
JaMycal Hasty,J.Hasty,RB,NE,2025,12,reg_2024_baseline,59,10,12,1,0.58483846305171,0.024,-0.0005209690023443,0.035635321698359,0.8333333333333334,,,69,20,0,-1.01269370431382,3.45,0,0,0,0,0,
Tony Jones,T.Jones,RB,ARI,2025,1,reg_2024_baseline,0,0,0,0,,0.0,0.0,0.0,,,,55,4,1,2.86425752664218,13.75,0,0,0,0,0,
Jonathan Ward,J.Ward,RB,PIT,2025,4,reg_2024_baseline,0,0,0,0,,0.0,0.0,0.0,,,,22,5,0,0.204633340588771,4.4,0,0,0,0,0,
Patrick Taylor,P.Taylor,RB,SF,2025,7,reg_2024_baseline,25,3,11,0,-10.1569419174921,0.0214424951267057,0.008613074204947,0.0381928946335214,0.2727272727272727,,,183,39,1,1.19286832962837,4.6923076923076925,0,0,0,0,0,
Dan Chisena,D.Chisena,WR,CAR,2025,4,reg_2024_baseline,37,3,4,0,2.03996112314053,0.0077220077220077,0.0067204301075268,0.0162873126582804,0.75,,,0,0,0,,,0,0,0,0,0,
J.J. Taylor,J.Taylor,RB,HOU,2025,3,reg_2024_baseline,0,2,3,0,-2.49336225399748,0.0054844606946983,-0.0012894906511927,0.0073240475862125,0.6666666666666666,,,44,10,0,-0.0250057432567701,4.4,0,0,0,0,0,
Kristian Wilkerson,K.Wilkerson,WR,LV,2025,1,reg_2024_baseline,18,2,3,1,2.86149290617323,0.0050675675675675,0.0035914702581369,0.0101153805320472,0.6666666666666666,,,0,0,0,,,0,0,0,0,0,
Zack Moss,Z.Moss,RB,CIN,2025,8,reg_2024_baseline,187,23,27,1,12.6665442464291,0.0429936305732484,0.0006501950585175,0.0649455824008349,0.8518518518518519,,,242,74,2,-19.9914885412394,3.27027027027027,0,0,0,0,0,
Collin Johnson,C.Johnson,WR,CHI,2025,6,reg_2024_baseline,6,1,2,0,-0.318918340955861,0.0038022813688212,0.0035288928098809,0.0081736470201485,0.5,,,0,0,0,,,0,0,0,0,0,
Brandon Aiyuk,B.Aiyuk,WR,SF,2025,7,reg_2024_baseline,374,25,47,0,12.8143973824765,0.0916179337231969,0.122791519434629,0.223380964189036,0.5319148936170213,,,0,0,0,,,0,0,0,0,0,
Laviska Shenault Jr.,L.Shenault,WR,SEA,2025,10,reg_2024_baseline,36,5,5,0,2.91564205021132,0.0087873462214411,-0.002430724355858,0.0114795122830611,1.0,,,1,1,0,-0.503968426026404,1.0,0,0,0,0,0,
Darrynton Evans,D.Evans,RB,CHI,2025,1,reg_2024_baseline,0,0,0,0,,0.0,0.0,0.0,,,,3,3,0,-1.29481282713823,1.0,0,0,0,0,0,
K.J. Osborn,K.Osborn,WR,WAS,2025,7,reg_2024_baseline,57,7,18,1,-7.30676349862729,0.036,0.0278718416254233,0.0735102891377963,0.3888888888888889,,,0,0,0,,,0,0,0,0,0,
Joshua Kelley,J.Kelley,RB,TEN,2025,1,reg_2024_baseline,0,0,0,0,,0.0,0.0,0.0,,,,2,1,0,-0.386650822241791,2.0,0,0,0,0,0,
Jalen Reagor,J.Reagor,WR,LAC,2025,7,reg_2024_baseline,100,7,12,0,-7.27586233012443,0.0244399185336049,0.0281916112766445,0.0563940056940585,0.5833333333333334,,,-3,3,0,-2.34163665992674,-1.0,0,0,0,0,0,
Stephen Sullivan,S.Sullivan,TE,CAR,2025,1,reg_2024_baseline,0,0,1,0,-0.532159550348297,0.0019305019305019,0.003584229390681,0.0054047134692296,0.0,,,0,0,0,,,0,0,0,0,0,
Ke'Shawn Vaughn,K.Vaughn,RB,SF,2025,1,reg_2024_baseline,0,0,0,0,,0.0,0.0,0.0,,,,4,2,0,-0.63253441057168,2.0,0,0,0,0,0,
Kenny Yeboah,K.Yeboah,TE,NYJ,2025,7,reg_2024_baseline,47,5,8,1,2.71854370698566,0.0135823429541596,0.0089653501332687,0.0266492595245275,0.625,,,0,0,0,,,0,0,0,0,0,
Brevin Jordan,B.Jordan,TE,HOU,2025,2,reg_2024_baseline,7,2,3,0,1.45120431156829,0.0054844606946983,0.0002149151085321,0.00837713161802,0.6666666666666666,,,0,0,0,,,0,0,0,0,0,
Ihmir Smith-Marsette,I.Smith-Marsette,WR,NYG,2025,15,reg_2024_baseline,0,0,0,0,,0.0,0.0,0.0,,,,0,0,0,,,0,0,0,0,0,
Zach Davidson,Z.Davidson,TE,BUF,2025,2,reg_2024_baseline,5,1,2,0,-0.715841856901534,0.004040404040404,0.002346316283435,0.0077030274590105,0.5,,,0,0,0,,,0,0,0,0,0,
Jermar Jefferson,J.Jefferson,RB,DET,2025,2,reg_2024_baseline,10,1,1,0,0.488208144903183,0.0019157088122605,0.0,0.0028735632183908,1.0,,,22,6,0,-0.785035908455029,3.6666666666666665,0,0,0,0,0,
Jaelon Darden,J.Darden,WR,SEA,2025,11,reg_2024_baseline,6,1,1,0,0.736790606519207,0.001577287066246,-0.0005826374053214,0.001958084415644,1.0,,,0,0,0,,,0,0,0,0,0,
Kadarius Toney,K.Toney,WR,CLE,2025,3,reg_2024_baseline,0,0,1,0,-0.514176621800289,0.001577287066246,-0.0009710623422023,0.0016861869598274,0.0,,,-4,2,0,-1.60571747412905,-2.0,0,0,0,0,0,
Kyle Trask,K.Trask,QB,TB,2025,3,reg_2024_baseline,0,0,0,0,,0.0,0.0,0.0,,,,-4,5,0,-6.62303357804194,-0.8,5,1,1,0,0,0.297810939140618
Terrace Marshall Jr.,T.Marshall,WR,LV,2025,5,reg_2024_baseline,41,3,6,0,-0.519154131414975,0.0101351351351351,0.011672278338945,0.0233732975399642,0.5,,,0,0,0,,,0,0,0,0,0,
Sam Howell,S.Howell,QB,SEA,2025,1,reg_2024_baseline,0,0,0,0,,0.0,0.0,0.0,,,,2,1,0,-0.707496352493763,2.0,24,14,5,0,1,-15.5729183114717
Irvin Charles,I.Charles,WR,NYJ,2025,8,reg_2024_baseline,0,0,1,0,-0.40983277419582,0.0016977928692699,0.0007269202810758,0.003055533500658,0.0,,,0,0,0,,,0,0,0,0,0,
Justyn Ross,J.Ross,WR,KC,2025,1,reg_2024_baseline,0,0,1,0,-1.216528201635,0.0017482517482517,0.0026274303730951,0.0044615788835442,0.0,,,0,0,0,,,0,0,0,0,0,
David Bell,D.Bell,WR,CLE,2025,1,reg_2024_baseline,27,3,3,0,3.21417321183253,0.0047318611987381,0.003690036900369,0.0096808176283655,1.0,,,0,0,0,,,0,0,0,0,0,
Montrell Washington,M.Washington,WR,KC,2025,1,reg_2024_baseline,0,0,0,0,,0.0,0.0,0.0,,,,0,0,0,,,0,0,0,0,0,
Keaontay Ingram,K.Ingram,RB,KC,2025,1,reg_2024_baseline,0,0,0,0,,0.0,0.0,0.0,,,,0,0,0,,,0,0,0,0,0,
Mike Woods,M.Woods,WR,CLE,2025,5,reg_2024_baseline,65,7,17,0,-9.09170924811042,0.026813880126183,0.0363177315983686,0.0656432323081325,0.4117647058823529,,,0,0,0,,,0,0,0,0,0,
Skylar Thompson,S.Thompson,QB,MIA,2025,2,reg_2024_baseline,0,0,0,0,,0.0,0.0,0.0,,,,4,1,0,-2.46101770619862,4.0,187,33,21,0,0,-15.5110251420131
Brandon Johnson,B.Johnson,WR,PIT,2025,1,reg_2024_baseline,9,1,1,0,0.703277167282067,0.0021739130434782,0.0012671059300557,0.0041478437162564,1.0,,,0,0,0,,,0,0,0,0,0,
Jalen Virgil,J.Virgil,WR,BUF,2025,3,reg_2024_baseline,0,0,0,0,,0.0,0.0,0.0,,,,0,0,0,,,0,0,0,0,0,
Kendric Pryor,K.Pryor,WR,CIN,2025,1,reg_2024_baseline,9,1,1,0,0.680167773389258,0.001592356687898,0.0019505851755526,0.003753944654734,1.0,,,0,0,0,,,0,0,0,0,0,
Raheem Blackshear,R.Blackshear,RB,CAR,2025,16,reg_2024_baseline,0,0,0,0,,0.0,0.0,0.0,,,,80,15,0,-0.66176023427397,5.333333333333333,0,0,0,0,0,
Tyreik McAllister,T.McAllister,WR,LV,2025,2,reg_2024_baseline,0,0,0,0,,0.0,0.0,0.0,,,,11,2,0,-0.0164878789801151,5.5,0,0,0,0,0,
Rod Williams,R.Williams,TE,PIT,2025,1,reg_2024_baseline,0,0,0,0,,0.0,0.0,0.0,,,,0,0,0,,,0,0,0,0,0,
Troy Hairston,T.Hairston,RB,HOU,2025,2,reg_2024_baseline,0,0,0,0,,0.0,0.0,0.0,,,,0,0,0,,,0,0,0,0,0,
Sincere McCormick,S.McCormick,RB,LV,2025,4,reg_2024_baseline,29,6,7,0,-0.8935149537283,0.0118243243243243,0.0006734006734006,0.018207866957867,0.8571428571428571,,,183,39,0,0.447879384562839,4.6923076923076925,0,0,0,0,0,
Peyton Hendershot,P.Hendershot,TE,KC,2025,5,reg_2024_baseline,51,5,5,0,2.67603629227961,0.0087412587412587,0.0049921177088807,0.0166063705081046,1.0,,,0,0,0,,,0,0,0,0,0,
Aaron Shampklin,A.Shampklin,RB,PIT,2025,3,reg_2024_baseline,0,0,0,0,,0.0,0.0,0.0,,,,17,6,0,-2.41446994639547,2.833333333333333,0,0,0,0,0,
Maurice Alexander,M.Alexander,WR,DET,2025,2,reg_2024_baseline,0,0,0,0,,0.0,0.0,0.0,,,,0,0,0,,,0,0,0,0,0,
Tyrion Davis-Price,T.Davis-Price,RB,PHI,2025,1,reg_2024_baseline,0,0,0,0,,0.0,0.0,0.0,,,,7,3,0,-1.85095043038018,2.333333333333333,0,0,0,0,0,
Erik Ezukanma,E.Ezukanma,WR,MIA,2025,1,reg_2024_baseline,0,0,2,0,-2.41914490703493,0.0035211267605633,0.0158986796011857,0.016410765861675,0.0,,,0,0,0,,,0,0,0,0,0,
Pierre Strong,P.Strong,RB,CLE,2025,13,reg_2024_baseline,104,14,22,0,-2.74923973012717,0.0347003154574132,0.0011652748106428,0.0528661655535699,0.6363636363636364,,,108,26,0,-1.51613372412976,4.153846153846154,0,0,0,0,0,
Bailey Zappe,B.Zappe,QB,CLE,2025,1,reg_2024_baseline,0,0,0,0,,0.0,0.0,0.0,,,,2,2,0,-0.289851196925156,1.0,170,31,16,1,2,-16.8488054084006
Desmond Ridder,D.Ridder,QB,LV,2025,5,reg_2024_baseline,0,0,0,0,,0.0,0.0,0.0,,,,36,9,0,1.49767392169451,4.0,458,85,52,2,2,-22.0815133874012
Tommy DeVito,T.DeVito,QB,NYG,2025,2,reg_2024_baseline,0,0,0,0,,0.0,0.0,0.0,,,,32,8,0,-2.73994594844407,4.0,257,44,31,0,0,-8.00893249030924
Bryce Ford-Wheaton,B.Ford-Wheaton,WR,NYG,2025,5,reg_2024_baseline,0,0,0,0,,0.0,0.0,0.0,,,,0,0,0,,,0,0,0,0,0,
Ben VanSumeren,B.VanSumeren,RB,PHI,2025,3,reg_2024_baseline,0,1,1,0,-0.48021248326404,0.0023923444976076,0.0,0.0035885167464114,1.0,,,0,0,0,,,0,0,0,0,0,
Grant DuBose,G.DuBose,WR,MIA,2025,2,reg_2024_baseline,11,2,4,0,-4.10426956950687,0.0070422535211267,0.012665049851792,0.0194289151779445,0.5,,,0,0,0,,,0,0,0,0,0,
Hendon Hooker,H.Hooker,QB,DET,2025,3,reg_2024_baseline,0,0,0,0,,0.0,0.0,0.0,,,,2,5,0,-2.99576760584023,0.4,62,9,6,0,0,-2.0768875653945
Dorian Thompson-Robinson,D.Thompson-Robinson,QB,CLE,2025,6,reg_2024_baseline,0,0,0,0,,0.0,0.0,0.0,,,,122,21,0,5.99139755265787,5.809523809523809,440,118,61,0,6,-71.1411469733575
Deuce Vaughn,D.Vaughn,RB,DAL,2025,5,reg_2024_baseline,18,3,5,0,-1.9020850348752,0.0080385852090032,0.0,0.0120578778135048,0.6,,,70,17,0,-4.09176857437706,4.117647058823529,0,0,0,0,0,
Kenny McIntosh,K.McIntosh,RB,SEA,2025,11,reg_2024_baseline,22,3,4,0,-0.404057139356155,0.0070298769771529,0.001215362177929,0.0113955689902797,0.75,,,172,31,0,1.48807978018885,5.548387096774194,0,0,0,0,0,
Rakim Jarrett,R.Jarrett,WR,TB,2025,8,reg_2024_baseline,124,9,11,0,7.41458555612858,0.019538188277087,0.0320060483870968,0.0517115162865983,0.8181818181818182,,,0,0,0,,,0,0,0,0,0,
John Shenker,J.Shenker,TE,LV,2025,3,reg_2024_baseline,7,1,1,0,0.374102335888892,0.0016891891891891,0.0008978675645342,0.0031622910789577,1.0,,,0,0,0,,,0,0,0,0,0,
Tyler Scott,T.Scott,WR,CHI,2025,4,reg_2024_baseline,5,1,1,0,-0.072181174706202,0.0019011406844106,-0.0004411116012351,0.0025429329057513,1.0,,,0,0,0,,,0,0,0,0,0,
Tank Dell,T.Dell,WR,HOU,2025,14,reg_2024_baseline,667,51,81,3,21.8984566964169,0.148080438756856,0.218353750268644,0.374968283323334,0.6296296296296297,,,43,9,0,-2.26305238634814,4.777777777777778,0,0,0,0,0,
Jake Haener,J.Haener,QB,NO,2025,8,reg_2024_baseline,0,0,0,0,,0.0,0.0,0.0,,,,22,11,0,-1.55629123060498,2.0,226,39,18,1,1,-14.9484791537611
Trey Palmer,T.Palmer,WR,TB,2025,15,reg_2024_baseline,172,12,22,1,5.94501059522736,0.0390763765541741,0.0793850806451613,0.114184121282874,0.5454545454545454,,,0,0,0,,,0,0,0,0,0,
Will Levis,W.Levis,QB,TEN,2025,12,reg_2024_baseline,0,0,0,0,,0.0,0.0,0.0,,,,183,45,0,-17.4965542566902,4.066666666666666,2091,301,190,13,12,-65.5189321402618
Dante Miller,D.Miller,RB,NYG,2025,1,reg_2024_baseline,0,0,0,0,,0.0,0.0,0.0,,,,0,0,0,,,0,0,0,0,0,
Johnny Wilson,J.Wilson,WR,PHI,2025,10,reg_2024_baseline,38,5,15,1,-1.15410872104658,0.0358851674641148,0.0422049956933678,0.0833712481815297,0.3333333333333333,,,0,0,0,,,0,0,0,0,0,
Chris Collier,C.Collier,RB,LV,2025,6,reg_2024_baseline,-4,1,2,0,-1.59818496718071,0.0043763676148796,-0.0012013455069678,0.005723609567442,0.5,,,12,5,0,-3.00471946189646,2.4,0,0,0,0,0,
Baylor Cupp,B.Cupp,TE,KC,2025,1,reg_2024_baseline,0,0,1,0,-0.678179833921604,0.0017482517482517,0.0,0.0026223776223776,0.0,,,0,0,0,,,0,0,0,0,0,
Carson Steele,C.Steele,RB,KC,2025,13,reg_2024_baseline,26,7,11,0,-2.9024881075602,0.0192307692307692,-0.0044666316342616,0.0257195117021707,0.6363636363636364,,,183,56,0,-11.9836104627345,3.267857142857143,0,0,0,0,0,
Jonathon Brooks,J.Brooks,RB,CAR,2025,3,reg_2024_baseline,23,3,3,0,1.45662581454963,0.0057915057915057,-0.0017921146953405,0.0074327784005203,1.0,,,22,9,0,-2.77792557136854,2.4444444444444446,0,0,0,0,0,
Jacob Cowing,J.Cowing,WR,SF,2025,15,reg_2024_baseline,80,4,6,0,4.25527123385109,0.0116959064327485,0.0189929328621908,0.0308389126526564,0.6666666666666666,,,7,1,0,0.380619133356959,7.0,0,0,0,0,0,
Keilan Robinson,K.Robinson,RB,JAX,2025,1,reg_2024_baseline,0,0,0,0,,0.0,0.0,0.0,,,,0,0,0,,,0,0,0,0,0,
Bub Means,B.Means,WR,NO,2025,4,reg_2024_baseline,118,9,15,1,3.35849248926388,0.0290135396518375,0.0383747178329571,0.0703826119608263,0.6,,,0,0,0,,,0,0,0,0,0,
Jha'Quan Jackson,J.Jackson,WR,TEN,2025,12,reg_2024_baseline,8,1,3,0,-1.84849076898536,0.0059171597633136,0.0182456140350877,0.0216476694695318,0.3333333333333333,,,-5,1,0,-1.693612330826,-5.0,0,0,0,0,0,
Jase McClellan,J.McClellan,RB,ATL,2025,2,reg_2024_baseline,0,0,0,0,,0.0,0.0,0.0,,,,32,13,0,-7.10460604215041,2.4615384615384617,0,0,0,0,0,
Jaheim Bell,J.Bell,TE,NE,2025,4,reg_2024_baseline,20,2,3,0,-0.0051243801717646,0.006,0.0059911435269601,0.0131938004688721,0.6666666666666666,,,0,0,0,,,0,0,0,0,0,
Ramel Keyton,R.Keyton,WR,LV,2025,3,reg_2024_baseline,7,1,3,0,0.062585995416157,0.0050675675675675,0.0067340067340067,0.0123151560651561,0.3333333333333333,,,0,0,0,,,0,0,0,0,0,
Blake Watson,B.Watson,RB,DEN,2025,1,reg_2024_baseline,13,1,2,0,0.251413255871739,0.0036429872495446,-0.0009685230024213,0.004786514772622,0.5,,,10,4,0,-0.179672391968779,2.5,0,0,0,0,0,
D.J. Williams,D.Williams,RB,TB,2025,1,reg_2024_baseline,0,0,0,0,,0.0,0.0,0.0,,,,0,0,0,,,0,0,0,0,0,
Dallin Holker,D.Holker,TE,NO,2025,3,reg_2024_baseline,21,3,4,0,-0.944589482736774,0.0077369439071566,0.0081264108352144,0.0172939034453851,0.75,,,0,0,0,,,0,0,0,0,0,
Jermaine Jackson,J.Jackson,WR,NO,2025,4,reg_2024_baseline,0,0,0,0,,0.0,0.0,0.0,,,,-1,1,0,-0.879655202385038,-1.0,0,0,0,0,0,
Jacob Kibodi,J.Kibodi,RB,CLE,2025,1,reg_2024_baseline,15,1,3,0,-4.44747729733354,0.0047318611987381,0.0017479122159642,0.0083213303492822,0.3333333333333333,,,24,5,0,-0.737081334460527,4.8,0,0,0,0,0,
Cody Schrader,C.Schrader,RB,LA,2025,1,reg_2024_baseline,6,1,1,0,0.397277344600298,0.0018484288354898,0.0,0.0027726432532347,1.0,,,3,1,0,-0.320892589399591,3.0,0,0,0,0,0,
Ainias Smith,A.Smith,WR,PHI,2025,3,reg_2024_baseline,41,7,9,1,-0.639199768542312,0.0215311004784689,0.0109101349411427,0.0399337451765032,0.7777777777777778,,,6,2,0,0.596295293711592,3.0,0,0,0,0,0,
Jermaine Burton,J.Burton,WR,CIN,2025,8,reg_2024_baseline,107,4,14,0,-4.54055739149165,0.0222929936305732,0.0641525791070655,0.0783462958208057,0.2857142857142857,,,0,0,0,,,0,0,0,0,0,
MarShawn Lloyd,M.Lloyd,RB,GB,2025,1,reg_2024_baseline,3,1,1,0,-0.234166648471728,0.0021551724137931,-0.0011941724385001,0.0023968379137395,1.0,,,15,6,0,-1.80517367087305,2.5,0,0,0,0,0,
Erick All,E.All,TE,CIN,2025,8,reg_2024_baseline,158,20,22,0,5.24824645451736,0.035031847133758,0.0156046814044213,0.0634710476837319,0.9090909090909092,,,0,0,0,,,0,0,0,0,0,
Javon Baker,J.Baker,WR,NE,2025,6,reg_2024_baseline,12,1,4,0,-0.841275895363651,0.008,0.013024225058609,0.0211169575410263,0.25,,,0,0,0,,,0,0,0,0,0,
Ja'Lynn Polk,J.Polk,WR,NE,2025,14,reg_2024_baseline,87,12,33,2,-20.7477742554437,0.066,0.102891377963011,0.171023964574108,0.3636363636363636,,,0,1,0,-0.688484604470432,0.0,0,0,0,0,0,
